tag,step,train_acc,val_acc
pn=dyt+bm=delta_sum+sm=rel_floor+qkg=True+ma=True+malr=0.001+mae=1e-08+mam=rel_row+pa=auto,100,0.265625,0.16425780951976776
pn=dyt+bm=delta_sum+sm=rel_floor+qkg=True+ma=True+malr=0.001+mae=1e-08+mam=rel_row+pa=auto,200,0.2421875,0.2972981929779053
pn=dyt+bm=delta_sum+sm=rel_floor+qkg=True+ma=True+malr=0.001+mae=1e-08+mam=rel_row+pa=auto,300,0.1875,0.2353515625
pn=dyt+bm=delta_sum+sm=rel_floor+qkg=True+ma=True+malr=0.001+mae=1e-08+mam=rel_row+pa=auto,400,0.37890625,0.37910157442092896
pn=dyt+bm=delta_sum+sm=rel_floor+qkg=True+ma=True+malr=0.001+mae=1e-08+mam=rel_row+pa=auto,500,0.3125,0.28274741768836975
pn=dyt+bm=delta_sum+sm=rel_floor+qkg=True+ma=True+malr=0.001+mae=1e-08+mam=rel_row+pa=auto,600,0.265625,0.2549479305744171
pn=dyt+bm=delta_sum+sm=rel_floor+qkg=True+ma=True+malr=0.001+mae=1e-08+mam=rel_row+pa=auto,700,0.34765625,0.2861328125
pn=dyt+bm=delta_sum+sm=rel_floor+qkg=True+ma=True+malr=0.001+mae=1e-08+mam=rel_row+pa=auto,800,0.26953125,0.29667970538139343
pn=dyt+bm=delta_sum+sm=rel_floor+qkg=True+ma=True+malr=0.001+mae=1e-08+mam=rel_row+pa=auto,900,0.3828125,0.4170573353767395
pn=dyt+bm=delta_sum+sm=rel_floor+qkg=True+ma=True+malr=0.001+mae=1e-08+mam=rel_row+pa=auto,1000,0.3203125,0.3721679747104645
pn=dyt+bm=delta_sum+sm=rel_floor+qkg=True+ma=True+malr=0.001+mae=1e-08+mam=rel_row+pa=auto,1100,0.41796875,0.3646810054779053
pn=dyt+bm=delta_sum+sm=rel_floor+qkg=True+ma=True+malr=0.001+mae=1e-08+mam=rel_row+pa=auto,1200,0.44140625,0.3289388120174408
pn=dyt+bm=delta_sum+sm=rel_floor+qkg=True+ma=True+malr=0.001+mae=1e-08+mam=rel_row+pa=auto,1300,0.43359375,0.38365885615348816
pn=dyt+bm=delta_sum+sm=rel_floor+qkg=True+ma=True+malr=0.001+mae=1e-08+mam=rel_row+pa=auto,1400,0.40625,0.4081380367279053
pn=dyt+bm=delta_sum+sm=rel_floor+qkg=True+ma=True+malr=0.001+mae=1e-08+mam=rel_row+pa=auto,1500,0.3203125,0.34280601143836975
pn=dyt+bm=delta_sum+sm=rel_floor+qkg=True+ma=True+malr=0.001+mae=1e-08+mam=rel_row+pa=auto,1600,0.4296875,0.38844403624534607
pn=dyt+bm=delta_sum+sm=rel_floor+qkg=True+ma=True+malr=0.001+mae=1e-08+mam=rel_row+pa=auto,1700,0.48828125,0.4292968809604645
pn=dyt+bm=delta_sum+sm=rel_floor+qkg=True+ma=True+malr=0.001+mae=1e-08+mam=rel_row+pa=auto,1800,0.3671875,0.34791669249534607
pn=dyt+bm=delta_sum+sm=rel_floor+qkg=True+ma=True+malr=0.001+mae=1e-08+mam=rel_row+pa=auto,1900,0.4765625,0.4188476502895355
pn=dyt+bm=delta_sum+sm=rel_floor+qkg=True+ma=True+malr=0.001+mae=1e-08+mam=rel_row+pa=auto,2000,0.35546875,0.2643880546092987
pn=dyt+bm=delta_sum+sm=rel_floor+qkg=True+ma=True+malr=0.001+mae=1e-08+mam=rel_row+pa=auto,2100,0.421875,0.38115236163139343
pn=dyt+bm=delta_sum+sm=rel_floor+qkg=True+ma=True+malr=0.001+mae=1e-08+mam=rel_row+pa=auto,2200,0.34375,0.39895835518836975
pn=dyt+bm=delta_sum+sm=rel_floor+qkg=True+ma=True+malr=0.001+mae=1e-08+mam=rel_row+pa=auto,2300,0.42578125,0.3374674618244171
pn=dyt+bm=delta_sum+sm=rel_floor+qkg=True+ma=True+malr=0.001+mae=1e-08+mam=rel_row+pa=auto,2400,0.5,0.43704429268836975
pn=dyt+bm=delta_sum+sm=rel_floor+qkg=True+ma=True+malr=0.001+mae=1e-08+mam=rel_row+pa=auto,2500,0.43359375,0.40693360567092896
pn=dyt+bm=delta_sum+sm=rel_floor+qkg=True+ma=True+malr=0.001+mae=1e-08+mam=rel_row+pa=auto,2600,0.359375,0.3529296815395355
pn=dyt+bm=delta_sum+sm=rel_floor+qkg=True+ma=True+malr=0.001+mae=1e-08+mam=rel_row+pa=auto,2700,0.453125,0.40309247374534607
pn=dyt+bm=delta_sum+sm=rel_floor+qkg=True+ma=True+malr=0.001+mae=1e-08+mam=rel_row+pa=auto,2800,0.41015625,0.4118489921092987
pn=dyt+bm=delta_sum+sm=rel_floor+qkg=True+ma=True+malr=0.001+mae=1e-08+mam=rel_row+pa=auto,2900,0.421875,0.4173828065395355
pn=dyt+bm=delta_sum+sm=rel_floor+qkg=True+ma=True+malr=0.001+mae=1e-08+mam=rel_row+pa=auto,3000,0.4453125,0.4530273377895355
pn=dyt+bm=delta_sum+sm=rel_floor+qkg=True+ma=True+malr=0.001+mae=1e-08+mam=rel_row+pa=auto,3100,0.265625,0.30758464336395264
pn=dyt+bm=delta_sum+sm=rel_floor+qkg=True+ma=True+malr=0.001+mae=1e-08+mam=rel_row+pa=auto,3200,0.38671875,0.34378257393836975
pn=dyt+bm=delta_sum+sm=rel_floor+qkg=True+ma=True+malr=0.001+mae=1e-08+mam=rel_row+pa=auto,3300,0.34375,0.40003257989883423
pn=dyt+bm=delta_sum+sm=rel_floor+qkg=True+ma=True+malr=0.001+mae=1e-08+mam=rel_row+pa=auto,3400,0.45703125,0.43606773018836975
pn=dyt+bm=delta_sum+sm=rel_floor+qkg=True+ma=True+malr=0.001+mae=1e-08+mam=rel_row+pa=auto,3500,0.3828125,0.3202474117279053
pn=dyt+bm=delta_sum+sm=rel_floor+qkg=True+ma=True+malr=0.001+mae=1e-08+mam=rel_row+pa=auto,3600,0.546875,0.42639976739883423
pn=dyt+bm=delta_sum+sm=rel_floor+qkg=True+ma=True+malr=0.001+mae=1e-08+mam=rel_row+pa=auto,3700,0.45703125,0.4141601622104645
pn=dyt+bm=delta_sum+sm=rel_floor+qkg=True+ma=True+malr=0.001+mae=1e-08+mam=rel_row+pa=auto,3800,0.3984375,0.42109376192092896
pn=dyt+bm=delta_sum+sm=rel_floor+qkg=True+ma=True+malr=0.001+mae=1e-08+mam=rel_row+pa=auto,3900,0.35546875,0.35986328125
pn=dyt+bm=delta_sum+sm=rel_floor+qkg=True+ma=True+malr=0.001+mae=1e-08+mam=rel_row+pa=auto,4000,0.45703125,0.3759114742279053
pn=dyt+bm=delta_sum+sm=rel_floor+qkg=True+ma=True+malr=0.001+mae=1e-08+mam=rel_row+pa=auto,4100,0.41015625,0.4042317867279053
pn=dyt+bm=delta_sum+sm=rel_floor+qkg=True+ma=True+malr=0.001+mae=1e-08+mam=rel_row+pa=auto,4200,0.359375,0.3942057490348816
pn=dyt+bm=delta_sum+sm=rel_floor+qkg=True+ma=True+malr=0.001+mae=1e-08+mam=rel_row+pa=auto,4300,0.5,0.48522138595581055
pn=dyt+bm=delta_sum+sm=rel_floor+qkg=True+ma=True+malr=0.001+mae=1e-08+mam=rel_row+pa=auto,4400,0.51953125,0.39921876788139343
pn=dyt+bm=delta_sum+sm=rel_floor+qkg=True+ma=True+malr=0.001+mae=1e-08+mam=rel_row+pa=auto,4500,0.3984375,0.2847330868244171
pn=dyt+bm=delta_sum+sm=rel_floor+qkg=True+ma=True+malr=0.001+mae=1e-08+mam=rel_row+pa=auto,4600,0.43359375,0.41337892413139343
pn=dyt+bm=delta_sum+sm=rel_floor+qkg=True+ma=True+malr=0.001+mae=1e-08+mam=rel_row+pa=auto,4700,0.41796875,0.37526044249534607
pn=dyt+bm=delta_sum+sm=rel_floor+qkg=True+ma=True+malr=0.001+mae=1e-08+mam=rel_row+pa=auto,4800,0.51953125,0.45983076095581055
pn=dyt+bm=delta_sum+sm=rel_floor+qkg=True+ma=True+malr=0.001+mae=1e-08+mam=rel_row+pa=auto,4900,0.4609375,0.3941080868244171
pn=dyt+bm=delta_sum+sm=rel_floor+qkg=True+ma=True+malr=0.001+mae=1e-08+mam=rel_row+pa=auto,5000,0.46875,0.42018231749534607
