framework,task,norm,optimizer,loss,run,step,train_acc,val_acc,wall_time_s
torch,CIFAR10,l2,AdamW,CrossEntropy,1,0,0.0,0.10276442766189575,0.40978121757507324
torch,CIFAR10,l2,AdamW,CrossEntropy,1,100,0.37328125,0.49208733439445496,1.709763526916504
torch,CIFAR10,l2,AdamW,CrossEntropy,1,200,0.5001171875,0.5389623641967773,2.871220350265503
torch,CIFAR10,l2,AdamW,CrossEntropy,1,300,0.5783203125,0.5921474695205688,4.031814813613892
torch,CIFAR10,l2,AdamW,CrossEntropy,1,400,0.616484375,0.624098539352417,5.193809509277344
torch,CIFAR10,l2,AdamW,CrossEntropy,1,500,0.67609375,0.6569511294364929,6.355411529541016
torch,CIFAR10,l2,AdamW,CrossEntropy,1,600,0.6887890625,0.6686698794364929,7.520127296447754
torch,CIFAR10,l2,AdamW,CrossEntropy,1,700,0.7266015625,0.6801882982254028,8.68091368675232
torch,CIFAR10,l2,AdamW,CrossEntropy,1,800,0.73234375,0.6823918223381042,9.846241474151611
torch,CIFAR10,l2,AdamW,CrossEntropy,1,900,0.767890625,0.6788862347602844,11.012574434280396
torch,CIFAR10,l2,AdamW,CrossEntropy,1,1000,0.7730859375,0.6856971383094788,12.174175262451172
torch,CIFAR10,l2,AdamW,CrossEntropy,1,1100,0.8066015625,0.6909054517745972,13.342253923416138
torch,CIFAR10,l2,AdamW,CrossEntropy,1,1200,0.8103515625,0.7052283883094788,14.506133556365967
torch,CIFAR10,l2,AdamW,CrossEntropy,1,1300,0.842109375,0.6982171535491943,15.668941020965576
torch,CIFAR10,l2,AdamW,CrossEntropy,1,1400,0.843046875,0.7078325152397156,16.83290719985962
torch,CIFAR10,l2,AdamW,CrossEntropy,1,1500,0.8734765625,0.7054287195205688,18.001123666763306
torch,CIFAR10,l2,AdamW,CrossEntropy,1,1600,0.8790625,0.6917067170143127,19.165705919265747
torch,CIFAR10,l2,AdamW,CrossEntropy,1,1700,0.9049609375,0.7052283883094788,20.337655305862427
torch,CIFAR10,l2,AdamW,CrossEntropy,1,1800,0.904375,0.7094351053237915,21.501680850982666
torch,CIFAR10,l2,AdamW,CrossEntropy,1,1900,0.9359375,0.7016226053237915,22.66532278060913
torch,CIFAR10,l2,AdamW,CrossEntropy,1,2000,0.9360546875,0.7108373641967773,23.829740047454834
torch,CIFAR10,l2,AdamW,CrossEntropy,1,2100,0.9521875,0.7067307829856873,24.99466872215271
torch,CIFAR10,l2,AdamW,CrossEntropy,1,2200,0.9525,0.7044270634651184,26.161409616470337
torch,CIFAR10,l2,AdamW,CrossEntropy,1,2300,0.9628125,0.7120392918586731,27.3275043964386
torch,CIFAR10,l2,AdamW,CrossEntropy,1,2400,0.9635546875,0.7133413553237915,28.492141008377075
torch,CIFAR10,l2,AdamW,CrossEntropy,1,2500,0.97015625,0.7035256624221802,29.658238172531128
torch,CIFAR10,l2,AdamW,CrossEntropy,1,2600,0.96640625,0.70703125,30.823907136917114
torch,CIFAR10,l2,AdamW,CrossEntropy,1,2700,0.9710546875,0.7034254670143127,31.987937688827515
torch,CIFAR10,l2,AdamW,CrossEntropy,1,2800,0.9676171875,0.7007211446762085,33.15237808227539
torch,CIFAR10,l2,AdamW,CrossEntropy,1,2900,0.964921875,0.704026460647583,34.31594800949097
torch,CIFAR10,l2,AdamW,CrossEntropy,1,3000,0.966015625,0.702223539352417,35.48023271560669
torch,CIFAR10,l2,AdamW,CrossEntropy,1,3100,0.9641015625,0.6988181471824646,36.64623832702637
torch,CIFAR10,l2,AdamW,CrossEntropy,1,3200,0.966953125,0.7011218070983887,37.811553955078125
torch,CIFAR10,l2,AdamW,CrossEntropy,1,3300,0.9686328125,0.7011218070983887,38.976393938064575
torch,CIFAR10,l2,AdamW,CrossEntropy,1,3400,0.971953125,0.7035256624221802,40.139185428619385
torch,CIFAR10,l2,AdamW,CrossEntropy,1,3500,0.96765625,0.6949118971824646,41.30198955535889
torch,CIFAR10,l2,AdamW,CrossEntropy,1,3600,0.9747265625,0.6969150900840759,42.467421531677246
torch,CIFAR10,l2,AdamW,CrossEntropy,1,3700,0.975234375,0.7008213400840759,43.63029408454895
torch,CIFAR10,l2,AdamW,CrossEntropy,1,3800,0.98,0.7073317170143127,44.7963445186615
torch,CIFAR10,l2,AdamW,CrossEntropy,1,3900,0.979609375,0.7065304517745972,45.96106958389282
torch,CIFAR10,l2,AdamW,CrossEntropy,1,4000,0.9856640625,0.7094351053237915,47.12485194206238
torch,CIFAR10,l2,AdamW,CrossEntropy,1,4100,0.9762109375,0.6994190812110901,48.28864097595215
torch,CIFAR10,l2,AdamW,CrossEntropy,1,4200,0.9798046875,0.7011218070983887,49.45617413520813
torch,CIFAR10,l2,AdamW,CrossEntropy,1,4300,0.967421875,0.6915064454078674,50.624528884887695
torch,CIFAR10,l2,AdamW,CrossEntropy,1,4400,0.976875,0.7116386294364929,51.78986310958862
torch,CIFAR10,l2,AdamW,CrossEntropy,1,4500,0.9701953125,0.701021671295166,52.954156160354614
torch,CIFAR10,l2,AdamW,CrossEntropy,1,4600,0.977421875,0.704927921295166,54.11999869346619
torch,CIFAR10,l2,AdamW,CrossEntropy,1,4700,0.972890625,0.7053285241127014,55.285223960876465
torch,CIFAR10,l2,AdamW,CrossEntropy,1,4800,0.981953125,0.7063301205635071,56.45248460769653
torch,CIFAR10,l2,AdamW,CrossEntropy,1,4900,0.975703125,0.7027243971824646,57.620442390441895
torch,CIFAR10,l2,AdamW,CrossEntropy,1,5000,0.9799609375,0.7054287195205688,58.78493547439575
torch,CIFAR10,l2,AdamW,CrossEntropy,1,5100,0.9818359375,0.7044270634651184,59.95566177368164
torch,CIFAR10,l2,AdamW,CrossEntropy,1,5200,0.987578125,0.7115384936332703,61.12341046333313
torch,CIFAR10,l2,AdamW,CrossEntropy,1,5300,0.985234375,0.7122395634651184,62.2895188331604
torch,CIFAR10,l2,AdamW,CrossEntropy,1,5400,0.9876171875,0.7167468070983887,63.45412731170654
torch,CIFAR10,l2,AdamW,CrossEntropy,1,5500,0.984453125,0.707932710647583,64.62216591835022
torch,CIFAR10,l2,AdamW,CrossEntropy,1,5600,0.98703125,0.7028245329856873,65.78671765327454
torch,CIFAR10,l2,AdamW,CrossEntropy,1,5700,0.98203125,0.7066306471824646,66.95234870910645
torch,CIFAR10,l2,AdamW,CrossEntropy,1,5800,0.9765234375,0.6938101053237915,68.12131643295288
torch,CIFAR10,l2,AdamW,CrossEntropy,1,5900,0.9737890625,0.7025240659713745,69.28917860984802
torch,CIFAR10,l2,AdamW,CrossEntropy,1,6000,0.9734765625,0.6966145634651184,70.45427513122559
torch,CIFAR10,l2,AdamW,CrossEntropy,1,6100,0.9769140625,0.7072315812110901,71.63143467903137
torch,CIFAR10,l2,AdamW,CrossEntropy,1,6200,0.9825390625,0.7058293223381042,72.80243754386902
torch,CIFAR10,l2,AdamW,CrossEntropy,1,6300,0.9855078125,0.7073317170143127,73.97703433036804
torch,CIFAR10,l2,AdamW,CrossEntropy,1,6400,0.990234375,0.7026242017745972,75.14298582077026
torch,CIFAR10,l2,AdamW,CrossEntropy,1,6500,0.989453125,0.7149439454078674,76.32254004478455
torch,CIFAR10,l2,AdamW,CrossEntropy,1,6600,0.99125,0.7080328464508057,77.48986482620239
torch,CIFAR10,l2,AdamW,CrossEntropy,1,6700,0.9915625,0.7156450152397156,78.66052079200745
torch,CIFAR10,l2,AdamW,CrossEntropy,1,6800,0.99203125,0.7033253312110901,79.82767033576965
torch,CIFAR10,l2,AdamW,CrossEntropy,1,6900,0.990859375,0.7097355723381042,80.99390530586243
torch,CIFAR10,l2,AdamW,CrossEntropy,1,7000,0.9861328125,0.7047275900840759,82.16031265258789
torch,CIFAR10,l2,AdamW,CrossEntropy,1,7100,0.9817578125,0.6984174847602844,83.3296070098877
torch,CIFAR10,l2,AdamW,CrossEntropy,1,7200,0.974609375,0.6928085088729858,84.49312973022461
torch,CIFAR10,l2,AdamW,CrossEntropy,1,7300,0.9718359375,0.6939102411270142,85.66143703460693
torch,CIFAR10,l2,AdamW,CrossEntropy,1,7400,0.9641796875,0.6922075152397156,86.8264467716217
torch,CIFAR10,l2,AdamW,CrossEntropy,1,7500,0.9793359375,0.7028245329856873,87.99035334587097
torch,CIFAR10,l2,AdamW,CrossEntropy,1,7600,0.984296875,0.7006210088729858,89.15423154830933
torch,CIFAR10,l2,AdamW,CrossEntropy,1,7700,0.990703125,0.7092347741127014,90.31974482536316
torch,CIFAR10,l2,AdamW,CrossEntropy,1,7800,0.9901171875,0.7073317170143127,91.48247957229614
torch,CIFAR10,l2,AdamW,CrossEntropy,1,7900,0.9948828125,0.7171474695205688,92.64631533622742
torch,CIFAR10,l2,AdamW,CrossEntropy,1,8000,0.9975390625,0.7208533883094788,93.81060767173767
torch,CIFAR10,l2,AdamW,CrossEntropy,1,8100,0.999140625,0.7228565812110901,94.97557473182678
torch,CIFAR10,l2,AdamW,CrossEntropy,1,8200,0.9993359375,0.72265625,96.14018416404724
torch,CIFAR10,l2,AdamW,CrossEntropy,1,8300,0.9999609375,0.7277644276618958,97.30497622489929
torch,CIFAR10,l2,AdamW,CrossEntropy,1,8400,0.9999609375,0.7300681471824646,98.46916437149048
torch,CIFAR10,l2,AdamW,CrossEntropy,1,8500,1.0,0.7302684187889099,99.63297009468079
torch,CIFAR10,l2,AdamW,CrossEntropy,1,8600,1.0,0.7319711446762085,100.79675507545471
torch,CIFAR10,l2,AdamW,CrossEntropy,1,8700,1.0,0.7324719429016113,101.95997714996338
torch,CIFAR10,l2,AdamW,CrossEntropy,1,8800,1.0,0.732271671295166,103.12363004684448
torch,CIFAR10,l2,AdamW,CrossEntropy,1,8900,1.0,0.7327724695205688,104.28614282608032
torch,CIFAR10,l2,AdamW,CrossEntropy,1,9000,1.0,0.7324719429016113,105.45084142684937
torch,CIFAR10,l2,AdamW,CrossEntropy,1,9100,1.0,0.7332732677459717,106.61490631103516
torch,CIFAR10,l2,AdamW,CrossEntropy,1,9200,1.0,0.7324719429016113,107.78011655807495
torch,CIFAR10,l2,AdamW,CrossEntropy,1,9300,1.0,0.7330729365348816,108.9442777633667
torch,CIFAR10,l2,AdamW,CrossEntropy,1,9400,1.0,0.7331730723381042,110.10845184326172
torch,CIFAR10,l2,AdamW,CrossEntropy,1,9500,1.0,0.7335737347602844,111.2726218700409
torch,CIFAR10,l2,AdamW,CrossEntropy,1,9600,1.0,0.7337740659713745,112.43770575523376
torch,CIFAR10,l2,AdamW,CrossEntropy,1,9700,1.0,0.7336738705635071,113.6026041507721
torch,CIFAR10,l2,AdamW,CrossEntropy,1,9800,1.0,0.7340745329856873,114.77082300186157
torch,CIFAR10,l2,AdamW,CrossEntropy,1,9900,1.0,0.7336738705635071,115.93697571754456
torch,CIFAR10,l2,AdamW,CrossEntropy,1,10000,1.0,0.7342748641967773,117.10369777679443
torch,CIFAR10,l2,AdamW,CrossEntropy,1,10100,1.0,0.7341746687889099,118.26982474327087
torch,CIFAR10,l2,AdamW,CrossEntropy,1,10200,1.0,0.734375,119.4353129863739
torch,CIFAR10,l2,AdamW,CrossEntropy,1,10300,1.0,0.7350761294364929,120.60124087333679
torch,CIFAR10,l2,AdamW,CrossEntropy,1,10400,1.0,0.7349759936332703,121.76978349685669
torch,CIFAR10,l2,AdamW,CrossEntropy,1,10500,1.0,0.7355769276618958,122.93622350692749
torch,CIFAR10,l2,AdamW,CrossEntropy,1,10600,1.0,0.7358773946762085,124.10327053070068
torch,CIFAR10,l2,AdamW,CrossEntropy,1,10700,1.0,0.7362780570983887,125.26937174797058
torch,CIFAR10,l2,AdamW,CrossEntropy,1,10800,1.0,0.7356770634651184,126.4357693195343
torch,CIFAR10,l2,AdamW,CrossEntropy,1,10900,1.0,0.7369791865348816,127.60174226760864
torch,CIFAR10,l2,AdamW,CrossEntropy,1,11000,1.0,0.7367788553237915,128.77230501174927
torch,CIFAR10,l2,AdamW,CrossEntropy,1,11100,1.0,0.7364783883094788,129.93829560279846
torch,CIFAR10,l2,AdamW,CrossEntropy,1,11200,1.0,0.7375801205635071,131.10589957237244
torch,CIFAR10,l2,AdamW,CrossEntropy,1,11300,1.0,0.7378806471824646,132.2726709842682
torch,CIFAR10,l2,AdamW,CrossEntropy,1,11400,1.0,0.737379789352417,133.43925619125366
torch,CIFAR10,l2,AdamW,CrossEntropy,1,11500,1.0,0.7372796535491943,134.60563778877258
torch,CIFAR10,l2,AdamW,CrossEntropy,1,11600,1.0,0.7375801205635071,135.77234935760498
torch,CIFAR10,l2,AdamW,CrossEntropy,1,11700,1.0,0.7375801205635071,136.9384264945984
torch,CIFAR10,l2,AdamW,CrossEntropy,1,11800,1.0,0.7379807829856873,138.10458636283875
torch,CIFAR10,l2,AdamW,CrossEntropy,1,11900,1.0,0.7379807829856873,139.27058458328247
torch,CIFAR10,l2,AdamW,CrossEntropy,1,12000,1.0,0.7375801205635071,140.43562173843384
torch,CIFAR10,l2,AdamW,CrossEntropy,1,12100,1.0,0.7375801205635071,141.603750705719
torch,CIFAR10,l2,AdamW,CrossEntropy,1,12200,1.0,0.7376803159713745,142.77144265174866
torch,CIFAR10,l2,AdamW,CrossEntropy,1,12300,1.0,0.7378806471824646,143.9377646446228
torch,CIFAR10,l2,AdamW,CrossEntropy,1,12400,1.0,0.7376803159713745,145.10474610328674
torch,CIFAR10,l2,AdamW,CrossEntropy,1,12500,1.0,0.7389823794364929,146.2715413570404
torch,CIFAR10,l2,AdamW,CrossEntropy,1,12600,1.0,0.73828125,147.43954849243164
torch,CIFAR10,l2,AdamW,CrossEntropy,1,12700,1.0,0.73828125,148.60522389411926
torch,CIFAR10,l2,AdamW,CrossEntropy,1,12800,1.0,0.7389823794364929,149.77228140830994
torch,CIFAR10,l2,AdamW,CrossEntropy,1,12900,1.0,0.7385817170143127,150.93974256515503
torch,CIFAR10,l2,AdamW,CrossEntropy,1,13000,1.0,0.7383814454078674,152.10674667358398
torch,CIFAR10,l2,AdamW,CrossEntropy,1,13100,1.0,0.7387820482254028,153.273291349411
torch,CIFAR10,l2,AdamW,CrossEntropy,1,13200,1.0,0.7396835088729858,154.43891096115112
torch,CIFAR10,l2,AdamW,CrossEntropy,1,13300,1.0,0.7387820482254028,155.60591983795166
torch,CIFAR10,l2,AdamW,CrossEntropy,1,13400,1.0,0.7399839758872986,156.7717263698578
torch,CIFAR10,l2,AdamW,CrossEntropy,1,13500,1.0,0.740084171295166,157.93880081176758
torch,CIFAR10,l2,AdamW,CrossEntropy,1,13600,1.0,0.7403846383094788,159.10525822639465
torch,CIFAR10,l2,AdamW,CrossEntropy,1,13700,1.0,0.7399839758872986,160.27200317382812
torch,CIFAR10,l2,AdamW,CrossEntropy,1,13800,1.0,0.7405849695205688,161.43838834762573
torch,CIFAR10,l2,AdamW,CrossEntropy,1,13900,1.0,0.7406851053237915,162.6039261817932
torch,CIFAR10,l2,AdamW,CrossEntropy,1,14000,1.0,0.7409855723381042,163.770742893219
torch,CIFAR10,l2,AdamW,CrossEntropy,1,14100,1.0,0.7402844429016113,164.93790984153748
torch,CIFAR10,l2,AdamW,CrossEntropy,1,14200,1.0,0.7409855723381042,166.10422039031982
torch,CIFAR10,l2,AdamW,CrossEntropy,1,14300,1.0,0.7413862347602844,167.27082014083862
torch,CIFAR10,l2,AdamW,CrossEntropy,1,14400,1.0,0.741286039352417,168.43744134902954
torch,CIFAR10,l2,AdamW,CrossEntropy,1,14500,1.0,0.7421875,169.60328269004822
torch,CIFAR10,l2,AdamW,CrossEntropy,1,14600,1.0,0.7419871687889099,170.7695450782776
torch,CIFAR10,l2,AdamW,CrossEntropy,1,14700,1.0,0.7418870329856873,171.93666863441467
torch,CIFAR10,l2,AdamW,CrossEntropy,1,14800,1.0,0.7424879670143127,173.1032838821411
torch,CIFAR10,l2,AdamW,CrossEntropy,1,14900,1.0,0.7420873641967773,174.27042245864868
torch,CIFAR10,l2,AdamW,CrossEntropy,1,15000,1.0,0.7423878312110901,175.43619894981384
torch,CIFAR10,l2,AdamW,CrossEntropy,1,15100,1.0,0.7420873641967773,176.60280084609985
torch,CIFAR10,l2,AdamW,CrossEntropy,1,15200,1.0,0.7421875,177.76970052719116
torch,CIFAR10,l2,AdamW,CrossEntropy,1,15300,1.0,0.7424879670143127,178.93674898147583
torch,CIFAR10,l2,AdamW,CrossEntropy,1,15400,1.0,0.7424879670143127,180.10302352905273
torch,CIFAR10,l2,AdamW,CrossEntropy,1,15500,1.0,0.7427884936332703,181.27004718780518
torch,CIFAR10,l2,AdamW,CrossEntropy,1,15600,1.0,0.7420873641967773,182.43712902069092
torch,CIFAR10,l2,AdamW,CrossEntropy,1,15700,1.0,0.7427884936332703,183.60382175445557
torch,CIFAR10,l2,AdamW,CrossEntropy,1,15800,1.0,0.7434895634651184,184.7708740234375
torch,CIFAR10,l2,AdamW,CrossEntropy,1,15900,1.0,0.7426882982254028,185.9378514289856
torch,CIFAR10,l2,AdamW,CrossEntropy,1,16000,1.0,0.7436898946762085,187.10427045822144
torch,CIFAR10,l2,AdamW,CrossEntropy,1,16100,1.0,0.7428886294364929,188.27167177200317
torch,CIFAR10,l2,AdamW,CrossEntropy,1,16200,1.0,0.743088960647583,189.4385850429535
torch,CIFAR10,l2,AdamW,CrossEntropy,1,16300,1.0,0.7434895634651184,190.6056730747223
torch,CIFAR10,l2,AdamW,CrossEntropy,1,16400,1.0,0.7435897588729858,191.77296113967896
torch,CIFAR10,l2,AdamW,CrossEntropy,1,16500,1.0,0.743088960647583,192.9401524066925
torch,CIFAR10,l2,AdamW,CrossEntropy,1,16600,1.0,0.7432892918586731,194.10688471794128
torch,CIFAR10,l2,AdamW,CrossEntropy,1,16700,1.0,0.7433894276618958,195.27436017990112
torch,CIFAR10,l2,AdamW,CrossEntropy,1,16800,1.0,0.7438902258872986,196.44120740890503
torch,CIFAR10,l2,AdamW,CrossEntropy,1,16900,1.0,0.7438902258872986,197.6085925102234
torch,CIFAR10,l2,AdamW,CrossEntropy,1,17000,1.0,0.7433894276618958,198.77579617500305
torch,CIFAR10,l2,AdamW,CrossEntropy,1,17100,1.0,0.7434895634651184,199.9430205821991
torch,CIFAR10,l2,AdamW,CrossEntropy,1,17200,1.0,0.7442908883094788,201.1101644039154
torch,CIFAR10,l2,AdamW,CrossEntropy,1,17300,1.0,0.743088960647583,202.2779142856598
torch,CIFAR10,l2,AdamW,CrossEntropy,1,17400,1.0,0.7441906929016113,203.44614171981812
torch,CIFAR10,l2,AdamW,CrossEntropy,1,17500,1.0,0.7443910241127014,204.61336255073547
torch,CIFAR10,l2,AdamW,CrossEntropy,1,17600,1.0,0.743990421295166,205.7815489768982
torch,CIFAR10,l2,AdamW,CrossEntropy,1,17700,1.0,0.7441906929016113,206.95041489601135
torch,CIFAR10,l2,AdamW,CrossEntropy,1,17800,1.0,0.7436898946762085,208.117821931839
torch,CIFAR10,l2,AdamW,CrossEntropy,1,17900,1.0,0.7442908883094788,209.28471279144287
torch,CIFAR10,l2,AdamW,CrossEntropy,1,18000,1.0,0.7445913553237915,210.45244598388672
torch,CIFAR10,l2,AdamW,CrossEntropy,1,18100,1.0,0.743990421295166,211.6198706626892
torch,CIFAR10,l2,AdamW,CrossEntropy,1,18200,1.0,0.7444912195205688,212.78836250305176
torch,CIFAR10,l2,AdamW,CrossEntropy,1,18300,1.0,0.7446914911270142,213.9568386077881
torch,CIFAR10,l2,AdamW,CrossEntropy,1,18400,1.0,0.7443910241127014,215.12529349327087
torch,CIFAR10,l2,AdamW,CrossEntropy,1,18500,1.0,0.7449920177459717,216.29311656951904
torch,CIFAR10,l2,AdamW,CrossEntropy,1,18600,1.0,0.7454928159713745,217.46269965171814
torch,CIFAR10,l2,AdamW,CrossEntropy,1,18700,1.0,0.7446914911270142,218.63063073158264
torch,CIFAR10,l2,AdamW,CrossEntropy,1,18800,1.0,0.7455929517745972,219.79888319969177
torch,CIFAR10,l2,AdamW,CrossEntropy,1,18900,1.0,0.7457932829856873,220.96785497665405
torch,CIFAR10,l2,AdamW,CrossEntropy,1,19000,1.0,0.7456931471824646,222.13709664344788
torch,CIFAR10,l2,AdamW,CrossEntropy,1,19100,1.0,0.7454928159713745,223.30480003356934
torch,CIFAR10,l2,AdamW,CrossEntropy,1,19200,1.0,0.7461939454078674,224.47339510917664
torch,CIFAR10,l2,AdamW,CrossEntropy,1,19300,1.0,0.7462940812110901,225.64221715927124
torch,CIFAR10,l2,AdamW,CrossEntropy,1,19400,1.0,0.7463942170143127,226.80996918678284
torch,CIFAR10,l2,AdamW,CrossEntropy,1,19500,1.0,0.7466947436332703,227.97832703590393
torch,CIFAR10,l2,AdamW,CrossEntropy,1,19600,1.0,0.7464944124221802,229.14646863937378
torch,CIFAR10,l2,AdamW,CrossEntropy,1,19700,1.0,0.7463942170143127,230.31405115127563
torch,CIFAR10,l2,AdamW,CrossEntropy,1,19800,1.0,0.7470953464508057,231.48190999031067
torch,CIFAR10,l2,AdamW,CrossEntropy,1,19900,1.0,0.7472956776618958,232.65053844451904
torch,CIFAR10,l2,AdamW,CrossEntropy,1,20000,1.0,0.746995210647583,233.8198447227478
torch,CIFAR10,l2,AdamW,CrossEntropy,1,20100,1.0,0.746995210647583,234.98713517189026
torch,CIFAR10,l2,AdamW,CrossEntropy,1,20200,1.0,0.7473958134651184,236.15508270263672
torch,CIFAR10,l2,AdamW,CrossEntropy,1,20300,1.0,0.7484976053237915,237.32346725463867
torch,CIFAR10,l2,AdamW,CrossEntropy,1,20400,1.0,0.7476963400840759,238.49310755729675
torch,CIFAR10,l2,AdamW,CrossEntropy,1,20500,1.0,0.7480969429016113,239.66145300865173
torch,CIFAR10,l2,AdamW,CrossEntropy,1,20600,1.0,0.747896671295166,240.83088421821594
torch,CIFAR10,l2,AdamW,CrossEntropy,1,20700,1.0,0.7477964758872986,241.99922800064087
torch,CIFAR10,l2,AdamW,CrossEntropy,1,20800,1.0,0.7481971383094788,243.16877269744873
torch,CIFAR10,l2,AdamW,CrossEntropy,1,20900,1.0,0.7480969429016113,244.33909845352173
torch,CIFAR10,l2,AdamW,CrossEntropy,1,21000,1.0,0.7480969429016113,245.5081000328064
torch,CIFAR10,l2,AdamW,CrossEntropy,1,21100,1.0,0.7483974695205688,246.67729663848877
torch,CIFAR10,l2,AdamW,CrossEntropy,1,21200,1.0,0.7488982677459717,247.8459780216217
torch,CIFAR10,l2,AdamW,CrossEntropy,1,21300,1.0,0.7485977411270142,249.0173738002777
torch,CIFAR10,l2,AdamW,CrossEntropy,1,21400,1.0,0.7485977411270142,250.18724918365479
torch,CIFAR10,l2,AdamW,CrossEntropy,1,21500,1.0,0.7494992017745972,251.35761785507202
torch,CIFAR10,l2,AdamW,CrossEntropy,1,21600,1.0,0.7489984035491943,252.52791929244995
torch,CIFAR10,l2,AdamW,CrossEntropy,1,21700,1.0,0.7495993971824646,253.69802498817444
torch,CIFAR10,l2,AdamW,CrossEntropy,1,21800,1.0,0.7497996687889099,254.8680682182312
torch,CIFAR10,l2,AdamW,CrossEntropy,1,21900,1.0,0.7496995329856873,256.0392918586731
torch,CIFAR10,l2,AdamW,CrossEntropy,1,22000,1.0,0.7504006624221802,257.20828652381897
torch,CIFAR10,l2,AdamW,CrossEntropy,1,22100,1.0,0.75,258.379004240036
torch,CIFAR10,l2,AdamW,CrossEntropy,1,22200,1.0,0.7498998641967773,259.5492916107178
torch,CIFAR10,l2,AdamW,CrossEntropy,1,22300,1.0,0.7498998641967773,260.719349861145
torch,CIFAR10,l2,AdamW,CrossEntropy,1,22400,1.0,0.7493990659713745,261.88887643814087
torch,CIFAR10,l2,AdamW,CrossEntropy,1,22500,1.0,0.7501001954078674,263.05820965766907
torch,CIFAR10,l2,AdamW,CrossEntropy,1,22600,1.0,0.7494992017745972,264.2276804447174
torch,CIFAR10,l2,AdamW,CrossEntropy,1,22700,1.0,0.7506009936332703,265.39679312705994
torch,CIFAR10,l2,AdamW,CrossEntropy,1,22800,1.0,0.7502003312110901,266.5661447048187
torch,CIFAR10,l2,AdamW,CrossEntropy,1,22900,1.0,0.75,267.7363200187683
torch,CIFAR10,l2,AdamW,CrossEntropy,1,23000,1.0,0.7496995329856873,268.9065866470337
torch,CIFAR10,l2,AdamW,CrossEntropy,1,23100,1.0,0.7505007982254028,270.0758595466614
torch,CIFAR10,l2,AdamW,CrossEntropy,1,23200,1.0,0.750901460647583,271.24599289894104
torch,CIFAR10,l2,AdamW,CrossEntropy,1,23300,1.0,0.7498998641967773,272.4170355796814
torch,CIFAR10,l2,AdamW,CrossEntropy,1,23400,1.0,0.7504006624221802,273.58662581443787
torch,CIFAR10,l2,AdamW,CrossEntropy,1,23500,1.0,0.7502003312110901,274.75509810447693
torch,CIFAR10,l2,AdamW,CrossEntropy,1,23600,1.0,0.7503004670143127,275.9231517314911
torch,CIFAR10,l2,AdamW,CrossEntropy,1,23700,1.0,0.7506009936332703,277.0916922092438
torch,CIFAR10,l2,AdamW,CrossEntropy,1,23800,1.0,0.7498998641967773,278.2595090866089
torch,CIFAR10,l2,AdamW,CrossEntropy,1,23900,1.0,0.7504006624221802,279.4272606372833
torch,CIFAR10,l2,AdamW,CrossEntropy,1,24000,1.0,0.7510015964508057,280.594908952713
torch,CIFAR10,l2,AdamW,CrossEntropy,1,24100,1.0,0.7506009936332703,281.7626965045929
torch,CIFAR10,l2,AdamW,CrossEntropy,1,24200,1.0,0.7505007982254028,282.93017864227295
torch,CIFAR10,l2,AdamW,CrossEntropy,1,24300,1.0,0.7508012652397156,284.0981032848358
torch,CIFAR10,l2,AdamW,CrossEntropy,1,24400,1.0,0.7505007982254028,285.2658472061157
torch,CIFAR10,l2,AdamW,CrossEntropy,1,24500,1.0,0.7507011294364929,286.4337122440338
torch,CIFAR10,l2,AdamW,CrossEntropy,1,24600,1.0,0.7516025900840759,287.601438999176
torch,CIFAR10,l2,AdamW,CrossEntropy,1,24700,1.0,0.7511017918586731,288.76991391181946
torch,CIFAR10,l2,AdamW,CrossEntropy,1,24800,1.0,0.750901460647583,289.9371235370636
torch,CIFAR10,l2,AdamW,CrossEntropy,1,24900,1.0,0.7511017918586731,291.1070477962494
torch,CIFAR10,l2,AdamW,CrossEntropy,1,25000,1.0,0.7510015964508057,292.2747507095337
torch,CIFAR10,l2,AdamW,CrossEntropy,1,25100,1.0,0.7512019276618958,293.44337463378906
torch,CIFAR10,l2,AdamW,CrossEntropy,1,25200,1.0,0.7513020634651184,294.61191511154175
torch,CIFAR10,l2,AdamW,CrossEntropy,1,25300,1.0,0.7510015964508057,295.77896213531494
torch,CIFAR10,l2,AdamW,CrossEntropy,1,25400,1.0,0.7517027258872986,296.9480757713318
torch,CIFAR10,l2,AdamW,CrossEntropy,1,25500,1.0,0.75,298.11559653282166
torch,CIFAR10,l2,AdamW,CrossEntropy,1,25600,1.0,0.7511017918586731,299.2832889556885
torch,CIFAR10,l2,AdamW,CrossEntropy,1,25700,1.0,0.7510015964508057,300.45223450660706
torch,CIFAR10,l2,AdamW,CrossEntropy,1,25800,1.0,0.7511017918586731,301.6206033229828
torch,CIFAR10,l2,AdamW,CrossEntropy,1,25900,1.0,0.7508012652397156,302.78853392601013
torch,CIFAR10,l2,AdamW,CrossEntropy,1,26000,1.0,0.750901460647583,303.9566388130188
torch,CIFAR10,l2,AdamW,CrossEntropy,1,26100,1.0,0.7515023946762085,305.1252861022949
torch,CIFAR10,l2,AdamW,CrossEntropy,1,26200,1.0,0.7507011294364929,306.2933716773987
torch,CIFAR10,l2,AdamW,CrossEntropy,1,26300,1.0,0.7510015964508057,307.4619200229645
torch,CIFAR10,l2,AdamW,CrossEntropy,1,26400,1.0,0.7508012652397156,308.6301267147064
torch,CIFAR10,l2,AdamW,CrossEntropy,1,26500,1.0,0.750901460647583,309.79975867271423
torch,CIFAR10,l2,AdamW,CrossEntropy,1,26600,1.0,0.7511017918586731,310.9692039489746
torch,CIFAR10,l2,AdamW,CrossEntropy,1,26700,1.0,0.7506009936332703,312.1371548175812
torch,CIFAR10,l2,AdamW,CrossEntropy,1,26800,1.0,0.7501001954078674,313.30611848831177
torch,CIFAR10,l2,AdamW,CrossEntropy,1,26900,1.0,0.7506009936332703,314.4741406440735
torch,CIFAR10,l2,AdamW,CrossEntropy,1,27000,1.0,0.750901460647583,315.6442997455597
torch,CIFAR10,l2,AdamW,CrossEntropy,1,27100,1.0,0.7498998641967773,316.8145942687988
torch,CIFAR10,l2,AdamW,CrossEntropy,1,27200,1.0,0.7508012652397156,317.98554706573486
torch,CIFAR10,l2,AdamW,CrossEntropy,1,27300,1.0,0.7505007982254028,319.15497183799744
torch,CIFAR10,l2,AdamW,CrossEntropy,1,27400,1.0,0.7505007982254028,320.3233530521393
torch,CIFAR10,l2,AdamW,CrossEntropy,1,27500,1.0,0.7502003312110901,321.4911665916443
torch,CIFAR10,l2,AdamW,CrossEntropy,1,27600,1.0,0.7502003312110901,322.65956568717957
torch,CIFAR10,l2,AdamW,CrossEntropy,1,27700,1.0,0.7514022588729858,323.82812094688416
torch,CIFAR10,l2,AdamW,CrossEntropy,1,27800,1.0,0.7502003312110901,324.99738478660583
torch,CIFAR10,l2,AdamW,CrossEntropy,1,27900,1.0,0.7512019276618958,326.1654016971588
torch,CIFAR10,l2,AdamW,CrossEntropy,1,28000,1.0,0.7505007982254028,327.333713054657
torch,CIFAR10,l2,AdamW,CrossEntropy,1,28100,1.0,0.7510015964508057,328.50247025489807
torch,CIFAR10,l2,AdamW,CrossEntropy,1,28200,1.0,0.7516025900840759,329.67298698425293
torch,CIFAR10,l2,AdamW,CrossEntropy,1,28300,1.0,0.7514022588729858,330.8419144153595
torch,CIFAR10,l2,AdamW,CrossEntropy,1,28400,1.0,0.7512019276618958,332.010023355484
torch,CIFAR10,l2,AdamW,CrossEntropy,1,28500,1.0,0.7512019276618958,333.1788418292999
torch,CIFAR10,l2,AdamW,CrossEntropy,1,28600,1.0,0.7515023946762085,334.3478755950928
torch,CIFAR10,l2,AdamW,CrossEntropy,1,28700,1.0,0.751802921295166,335.51809644699097
torch,CIFAR10,l2,AdamW,CrossEntropy,1,28800,1.0,0.7511017918586731,336.68838834762573
torch,CIFAR10,l2,AdamW,CrossEntropy,1,28900,1.0,0.7531049847602844,337.85829639434814
torch,CIFAR10,l2,AdamW,CrossEntropy,1,29000,1.0,0.7522035241127014,339.02988505363464
torch,CIFAR10,l2,AdamW,CrossEntropy,1,29100,1.0,0.7529046535491943,340.199857711792
torch,CIFAR10,l2,AdamW,CrossEntropy,1,29200,1.0,0.7526041865348816,341.3689613342285
torch,CIFAR10,l2,AdamW,CrossEntropy,1,29300,1.0,0.7536057829856873,342.53864431381226
torch,CIFAR10,l2,AdamW,CrossEntropy,1,29400,1.0,0.7521033883094788,343.70835542678833
torch,CIFAR10,l2,AdamW,CrossEntropy,1,29500,1.0,0.7527043223381042,344.87785744667053
torch,CIFAR10,l2,AdamW,CrossEntropy,1,29600,1.0,0.7525039911270142,346.0471706390381
torch,CIFAR10,l2,AdamW,CrossEntropy,1,29700,1.0,0.7537059187889099,347.21649503707886
torch,CIFAR10,l2,AdamW,CrossEntropy,1,29800,1.0,0.7545072436332703,348.385192155838
torch,CIFAR10,l2,AdamW,CrossEntropy,1,29900,1.0,0.7528045177459717,349.5553090572357
torch,CIFAR10,l2,AdamW,CrossEntropy,1,30000,0.718125,0.7545072436332703,350.6001486778259
torch,CIFAR10,l2,AdamW,CrossEntropy,2,0,0.0,0.0716145858168602,0.12376713752746582
torch,CIFAR10,l2,AdamW,CrossEntropy,2,100,0.3565234375,0.4438101053237915,1.288712501525879
torch,CIFAR10,l2,AdamW,CrossEntropy,2,200,0.4899609375,0.5238381624221802,2.4504809379577637
torch,CIFAR10,l2,AdamW,CrossEntropy,2,300,0.5677734375,0.5587940812110901,3.6119885444641113
torch,CIFAR10,l2,AdamW,CrossEntropy,2,400,0.6134375,0.6391226053237915,4.774023532867432
torch,CIFAR10,l2,AdamW,CrossEntropy,2,500,0.6666015625,0.6441305875778198,5.936886548995972
torch,CIFAR10,l2,AdamW,CrossEntropy,2,600,0.68703125,0.6667668223381042,7.100170373916626
torch,CIFAR10,l2,AdamW,CrossEntropy,2,700,0.71671875,0.6624599695205688,8.262557983398438
torch,CIFAR10,l2,AdamW,CrossEntropy,2,800,0.7325,0.6915064454078674,9.424895763397217
torch,CIFAR10,l2,AdamW,CrossEntropy,2,900,0.7660546875,0.6825921535491943,10.58707308769226
torch,CIFAR10,l2,AdamW,CrossEntropy,2,1000,0.7728125,0.7000200152397156,11.749714374542236
torch,CIFAR10,l2,AdamW,CrossEntropy,2,1100,0.8015625,0.6942107677459717,12.911134719848633
torch,CIFAR10,l2,AdamW,CrossEntropy,2,1200,0.8063671875,0.7005208134651184,14.07345700263977
torch,CIFAR10,l2,AdamW,CrossEntropy,2,1300,0.83375,0.681490421295166,15.23527455329895
torch,CIFAR10,l2,AdamW,CrossEntropy,2,1400,0.8420703125,0.6953125,16.397557020187378
torch,CIFAR10,l2,AdamW,CrossEntropy,2,1500,0.8749609375,0.7017227411270142,17.558212757110596
torch,CIFAR10,l2,AdamW,CrossEntropy,2,1600,0.8796484375,0.7018229365348816,18.72014808654785
torch,CIFAR10,l2,AdamW,CrossEntropy,2,1700,0.90484375,0.6916065812110901,19.881903886795044
torch,CIFAR10,l2,AdamW,CrossEntropy,2,1800,0.9003515625,0.7026242017745972,21.043808937072754
torch,CIFAR10,l2,AdamW,CrossEntropy,2,1900,0.92953125,0.698317289352417,22.206398487091064
torch,CIFAR10,l2,AdamW,CrossEntropy,2,2000,0.934921875,0.7030248641967773,23.368683338165283
torch,CIFAR10,l2,AdamW,CrossEntropy,2,2100,0.9516796875,0.6999198794364929,24.530152559280396
torch,CIFAR10,l2,AdamW,CrossEntropy,2,2200,0.951640625,0.7060296535491943,25.69215750694275
torch,CIFAR10,l2,AdamW,CrossEntropy,2,2300,0.9636328125,0.7063301205635071,26.853934049606323
torch,CIFAR10,l2,AdamW,CrossEntropy,2,2400,0.96328125,0.7081330418586731,28.016000032424927
torch,CIFAR10,l2,AdamW,CrossEntropy,2,2500,0.97328125,0.7054287195205688,29.17812204360962
torch,CIFAR10,l2,AdamW,CrossEntropy,2,2600,0.971875,0.708834171295166,30.340434551239014
torch,CIFAR10,l2,AdamW,CrossEntropy,2,2700,0.97265625,0.6982171535491943,31.502628564834595
torch,CIFAR10,l2,AdamW,CrossEntropy,2,2800,0.9702734375,0.6997195482254028,32.66615319252014
torch,CIFAR10,l2,AdamW,CrossEntropy,2,2900,0.96765625,0.6935096383094788,33.82839369773865
torch,CIFAR10,l2,AdamW,CrossEntropy,2,3000,0.96765625,0.7013221383094788,34.991963624954224
torch,CIFAR10,l2,AdamW,CrossEntropy,2,3100,0.969609375,0.698317289352417,36.1533088684082
torch,CIFAR10,l2,AdamW,CrossEntropy,2,3200,0.9684765625,0.6921073794364929,37.31553792953491
torch,CIFAR10,l2,AdamW,CrossEntropy,2,3300,0.960859375,0.6903045177459717,38.47802114486694
torch,CIFAR10,l2,AdamW,CrossEntropy,2,3400,0.9708203125,0.6948117017745972,39.640488147735596
torch,CIFAR10,l2,AdamW,CrossEntropy,2,3500,0.9706640625,0.6939102411270142,40.80251169204712
torch,CIFAR10,l2,AdamW,CrossEntropy,2,3600,0.9759375,0.7053285241127014,41.96562743186951
torch,CIFAR10,l2,AdamW,CrossEntropy,2,3700,0.9740234375,0.7035256624221802,43.1269907951355
torch,CIFAR10,l2,AdamW,CrossEntropy,2,3800,0.9807421875,0.7029246687889099,44.28918433189392
torch,CIFAR10,l2,AdamW,CrossEntropy,2,3900,0.9766015625,0.6952123641967773,45.451098918914795
torch,CIFAR10,l2,AdamW,CrossEntropy,2,4000,0.978359375,0.7027243971824646,46.61330056190491
torch,CIFAR10,l2,AdamW,CrossEntropy,2,4100,0.9706640625,0.6959134936332703,47.774776220321655
torch,CIFAR10,l2,AdamW,CrossEntropy,2,4200,0.97390625,0.7020232677459717,48.93696093559265
torch,CIFAR10,l2,AdamW,CrossEntropy,2,4300,0.9684375,0.6965144276618958,50.09901785850525
torch,CIFAR10,l2,AdamW,CrossEntropy,2,4400,0.9812109375,0.6970152258872986,51.260558128356934
torch,CIFAR10,l2,AdamW,CrossEntropy,2,4500,0.97703125,0.6934094429016113,52.42332363128662
torch,CIFAR10,l2,AdamW,CrossEntropy,2,4600,0.9830078125,0.7062299847602844,53.58515763282776
torch,CIFAR10,l2,AdamW,CrossEntropy,2,4700,0.983515625,0.6975160241127014,54.746692419052124
torch,CIFAR10,l2,AdamW,CrossEntropy,2,4800,0.988515625,0.7015224695205688,55.90908598899841
torch,CIFAR10,l2,AdamW,CrossEntropy,2,4900,0.9853125,0.7011218070983887,57.071263790130615
torch,CIFAR10,l2,AdamW,CrossEntropy,2,5000,0.9880078125,0.7023237347602844,58.23320770263672
torch,CIFAR10,l2,AdamW,CrossEntropy,2,5100,0.979609375,0.6966145634651184,59.39560317993164
torch,CIFAR10,l2,AdamW,CrossEntropy,2,5200,0.97796875,0.6925080418586731,60.5583119392395
torch,CIFAR10,l2,AdamW,CrossEntropy,2,5300,0.9690234375,0.6908053159713745,61.7206654548645
torch,CIFAR10,l2,AdamW,CrossEntropy,2,5400,0.9704296875,0.6897035241127014,62.88225245475769
torch,CIFAR10,l2,AdamW,CrossEntropy,2,5500,0.96640625,0.6977163553237915,64.04413676261902
torch,CIFAR10,l2,AdamW,CrossEntropy,2,5600,0.9771875,0.6981170177459717,65.20661306381226
torch,CIFAR10,l2,AdamW,CrossEntropy,2,5700,0.9796875,0.7018229365348816,66.36918544769287
torch,CIFAR10,l2,AdamW,CrossEntropy,2,5800,0.9876953125,0.7037259936332703,67.53089737892151
torch,CIFAR10,l2,AdamW,CrossEntropy,2,5900,0.9858984375,0.7044270634651184,68.69432520866394
torch,CIFAR10,l2,AdamW,CrossEntropy,2,6000,0.9923046875,0.7050280570983887,69.85633134841919
torch,CIFAR10,l2,AdamW,CrossEntropy,2,6100,0.9944921875,0.706129789352417,71.02072668075562
torch,CIFAR10,l2,AdamW,CrossEntropy,2,6200,0.9961328125,0.7103365659713745,72.18410587310791
torch,CIFAR10,l2,AdamW,CrossEntropy,2,6300,0.9958203125,0.712740421295166,73.34800934791565
torch,CIFAR10,l2,AdamW,CrossEntropy,2,6400,0.997421875,0.7086338400840759,74.51165437698364
torch,CIFAR10,l2,AdamW,CrossEntropy,2,6500,0.9974609375,0.7183493971824646,75.67540073394775
torch,CIFAR10,l2,AdamW,CrossEntropy,2,6600,0.998828125,0.7116386294364929,76.83848929405212
torch,CIFAR10,l2,AdamW,CrossEntropy,2,6700,0.998984375,0.7219551205635071,78.00142216682434
torch,CIFAR10,l2,AdamW,CrossEntropy,2,6800,0.9994140625,0.7182492017745972,79.16523504257202
torch,CIFAR10,l2,AdamW,CrossEntropy,2,6900,0.999453125,0.7179487347602844,80.32827401161194
torch,CIFAR10,l2,AdamW,CrossEntropy,2,7000,0.9996875,0.721754789352417,81.4921042919159
torch,CIFAR10,l2,AdamW,CrossEntropy,2,7100,0.9990625,0.716646671295166,82.65576219558716
torch,CIFAR10,l2,AdamW,CrossEntropy,2,7200,0.9990234375,0.7142428159713745,83.81934666633606
torch,CIFAR10,l2,AdamW,CrossEntropy,2,7300,0.9833203125,0.671875,84.9825587272644
torch,CIFAR10,l2,AdamW,CrossEntropy,2,7400,0.8911328125,0.6710737347602844,86.14610314369202
torch,CIFAR10,l2,AdamW,CrossEntropy,2,7500,0.940234375,0.7020232677459717,87.30985593795776
torch,CIFAR10,l2,AdamW,CrossEntropy,2,7600,0.9645703125,0.7011218070983887,88.47308421134949
torch,CIFAR10,l2,AdamW,CrossEntropy,2,7700,0.9853515625,0.7071314454078674,89.63793659210205
torch,CIFAR10,l2,AdamW,CrossEntropy,2,7800,0.9893359375,0.7059295177459717,90.80148911476135
torch,CIFAR10,l2,AdamW,CrossEntropy,2,7900,0.994296875,0.7165464758872986,91.96518540382385
torch,CIFAR10,l2,AdamW,CrossEntropy,2,8000,0.995703125,0.7102363705635071,93.12820315361023
torch,CIFAR10,l2,AdamW,CrossEntropy,2,8100,0.99890625,0.7145432829856873,94.29117894172668
torch,CIFAR10,l2,AdamW,CrossEntropy,2,8200,0.9996875,0.7167468070983887,95.45404410362244
torch,CIFAR10,l2,AdamW,CrossEntropy,2,8300,1.0,0.7206530570983887,96.61741280555725
torch,CIFAR10,l2,AdamW,CrossEntropy,2,8400,1.0,0.7188501954078674,97.78086304664612
torch,CIFAR10,l2,AdamW,CrossEntropy,2,8500,1.0,0.7212539911270142,98.94433283805847
torch,CIFAR10,l2,AdamW,CrossEntropy,2,8600,1.0,0.7223557829856873,100.10822987556458
torch,CIFAR10,l2,AdamW,CrossEntropy,2,8700,1.0,0.7228565812110901,101.27222013473511
torch,CIFAR10,l2,AdamW,CrossEntropy,2,8800,1.0,0.7223557829856873,102.43690896034241
torch,CIFAR10,l2,AdamW,CrossEntropy,2,8900,1.0,0.7224559187889099,103.60083532333374
torch,CIFAR10,l2,AdamW,CrossEntropy,2,9000,1.0,0.7236578464508057,104.76513457298279
torch,CIFAR10,l2,AdamW,CrossEntropy,2,9100,1.0,0.7239583134651184,105.92942523956299
torch,CIFAR10,l2,AdamW,CrossEntropy,2,9200,1.0,0.7242588400840759,107.09366774559021
torch,CIFAR10,l2,AdamW,CrossEntropy,2,9300,1.0,0.7248597741127014,108.2574450969696
torch,CIFAR10,l2,AdamW,CrossEntropy,2,9400,1.0,0.7250601053237915,109.42176651954651
torch,CIFAR10,l2,AdamW,CrossEntropy,2,9500,1.0,0.7254607677459717,110.58559441566467
torch,CIFAR10,l2,AdamW,CrossEntropy,2,9600,1.0,0.7255609035491943,111.75011777877808
torch,CIFAR10,l2,AdamW,CrossEntropy,2,9700,1.0,0.7252604365348816,112.91401934623718
torch,CIFAR10,l2,AdamW,CrossEntropy,2,9800,1.0,0.7260617017745972,114.07841467857361
torch,CIFAR10,l2,AdamW,CrossEntropy,2,9900,1.0,0.7263621687889099,115.2428252696991
torch,CIFAR10,l2,AdamW,CrossEntropy,2,10000,1.0,0.7271634936332703,116.40693545341492
torch,CIFAR10,l2,AdamW,CrossEntropy,2,10100,1.0,0.7268629670143127,117.57124757766724
torch,CIFAR10,l2,AdamW,CrossEntropy,2,10200,1.0,0.7268629670143127,118.73510646820068
torch,CIFAR10,l2,AdamW,CrossEntropy,2,10300,1.0,0.7273637652397156,119.89867353439331
torch,CIFAR10,l2,AdamW,CrossEntropy,2,10400,1.0,0.7276642918586731,121.06290984153748
torch,CIFAR10,l2,AdamW,CrossEntropy,2,10500,1.0,0.7272636294364929,122.22668886184692
torch,CIFAR10,l2,AdamW,CrossEntropy,2,10600,1.0,0.7273637652397156,123.39122247695923
torch,CIFAR10,l2,AdamW,CrossEntropy,2,10700,1.0,0.7275640964508057,124.55500197410583
torch,CIFAR10,l2,AdamW,CrossEntropy,2,10800,1.0,0.727463960647583,125.71960425376892
torch,CIFAR10,l2,AdamW,CrossEntropy,2,10900,1.0,0.7277644276618958,126.88343739509583
torch,CIFAR10,l2,AdamW,CrossEntropy,2,11000,1.0,0.7281650900840759,128.04783129692078
torch,CIFAR10,l2,AdamW,CrossEntropy,2,11100,1.0,0.7278645634651184,129.21251463890076
torch,CIFAR10,l2,AdamW,CrossEntropy,2,11200,1.0,0.7289663553237915,130.37671494483948
torch,CIFAR10,l2,AdamW,CrossEntropy,2,11300,1.0,0.7288662195205688,131.5399112701416
torch,CIFAR10,l2,AdamW,CrossEntropy,2,11400,1.0,0.7297676205635071,132.7033793926239
torch,CIFAR10,l2,AdamW,CrossEntropy,2,11500,1.0,0.7291666865348816,133.8678596019745
torch,CIFAR10,l2,AdamW,CrossEntropy,2,11600,1.0,0.7290664911270142,135.03272461891174
torch,CIFAR10,l2,AdamW,CrossEntropy,2,11700,1.0,0.7289663553237915,136.19743466377258
torch,CIFAR10,l2,AdamW,CrossEntropy,2,11800,1.0,0.7287660241127014,137.36160826683044
torch,CIFAR10,l2,AdamW,CrossEntropy,2,11900,1.0,0.729567289352417,138.52481532096863
torch,CIFAR10,l2,AdamW,CrossEntropy,2,12000,1.0,0.7290664911270142,139.68901991844177
torch,CIFAR10,l2,AdamW,CrossEntropy,2,12100,1.0,0.7301682829856873,140.85125851631165
torch,CIFAR10,l2,AdamW,CrossEntropy,2,12200,1.0,0.7303686141967773,142.01429986953735
torch,CIFAR10,l2,AdamW,CrossEntropy,2,12300,1.0,0.7310697436332703,143.17714047431946
torch,CIFAR10,l2,AdamW,CrossEntropy,2,12400,1.0,0.7314703464508057,144.33987760543823
torch,CIFAR10,l2,AdamW,CrossEntropy,2,12500,1.0,0.7309695482254028,145.50277638435364
torch,CIFAR10,l2,AdamW,CrossEntropy,2,12600,1.0,0.7309695482254028,146.66566681861877
torch,CIFAR10,l2,AdamW,CrossEntropy,2,12700,1.0,0.731370210647583,147.82928252220154
torch,CIFAR10,l2,AdamW,CrossEntropy,2,12800,1.0,0.7307692170143127,148.9926209449768
torch,CIFAR10,l2,AdamW,CrossEntropy,2,12900,1.0,0.7320713400840759,150.15703701972961
torch,CIFAR10,l2,AdamW,CrossEntropy,2,13000,1.0,0.7320713400840759,151.32076263427734
torch,CIFAR10,l2,AdamW,CrossEntropy,2,13100,1.0,0.7320713400840759,152.48388481140137
torch,CIFAR10,l2,AdamW,CrossEntropy,2,13200,1.0,0.7330729365348816,153.6469566822052
torch,CIFAR10,l2,AdamW,CrossEntropy,2,13300,1.0,0.7320713400840759,154.81137776374817
torch,CIFAR10,l2,AdamW,CrossEntropy,2,13400,1.0,0.7325721383094788,155.97414755821228
torch,CIFAR10,l2,AdamW,CrossEntropy,2,13500,1.0,0.7325721383094788,157.1375069618225
torch,CIFAR10,l2,AdamW,CrossEntropy,2,13600,1.0,0.7335737347602844,158.30057048797607
torch,CIFAR10,l2,AdamW,CrossEntropy,2,13700,1.0,0.7325721383094788,159.46432161331177
torch,CIFAR10,l2,AdamW,CrossEntropy,2,13800,1.0,0.7333734035491943,160.62737584114075
torch,CIFAR10,l2,AdamW,CrossEntropy,2,13900,1.0,0.7327724695205688,161.79087924957275
torch,CIFAR10,l2,AdamW,CrossEntropy,2,14000,1.0,0.7332732677459717,162.95388865470886
torch,CIFAR10,l2,AdamW,CrossEntropy,2,14100,1.0,0.7336738705635071,164.11785459518433
torch,CIFAR10,l2,AdamW,CrossEntropy,2,14200,1.0,0.7344751954078674,165.28085279464722
torch,CIFAR10,l2,AdamW,CrossEntropy,2,14300,1.0,0.7340745329856873,166.44462704658508
torch,CIFAR10,l2,AdamW,CrossEntropy,2,14400,1.0,0.7344751954078674,167.60840606689453
torch,CIFAR10,l2,AdamW,CrossEntropy,2,14500,1.0,0.7340745329856873,168.77141213417053
torch,CIFAR10,l2,AdamW,CrossEntropy,2,14600,1.0,0.7341746687889099,169.93409538269043
torch,CIFAR10,l2,AdamW,CrossEntropy,2,14700,1.0,0.7345753312110901,171.0975685119629
torch,CIFAR10,l2,AdamW,CrossEntropy,2,14800,1.0,0.7347756624221802,172.26176071166992
torch,CIFAR10,l2,AdamW,CrossEntropy,2,14900,1.0,0.7350761294364929,173.4251847267151
torch,CIFAR10,l2,AdamW,CrossEntropy,2,15000,1.0,0.7348757982254028,174.5888707637787
torch,CIFAR10,l2,AdamW,CrossEntropy,2,15100,1.0,0.7350761294364929,175.75219917297363
torch,CIFAR10,l2,AdamW,CrossEntropy,2,15200,1.0,0.7359775900840759,176.91484379768372
torch,CIFAR10,l2,AdamW,CrossEntropy,2,15300,1.0,0.7357772588729858,178.0786428451538
torch,CIFAR10,l2,AdamW,CrossEntropy,2,15400,1.0,0.7358773946762085,179.24147534370422
torch,CIFAR10,l2,AdamW,CrossEntropy,2,15500,1.0,0.7355769276618958,180.40402674674988
torch,CIFAR10,l2,AdamW,CrossEntropy,2,15600,1.0,0.7357772588729858,181.56681156158447
torch,CIFAR10,l2,AdamW,CrossEntropy,2,15700,1.0,0.7358773946762085,182.7308156490326
torch,CIFAR10,l2,AdamW,CrossEntropy,2,15800,1.0,0.7362780570983887,183.89463758468628
torch,CIFAR10,l2,AdamW,CrossEntropy,2,15900,1.0,0.7355769276618958,185.05819988250732
torch,CIFAR10,l2,AdamW,CrossEntropy,2,16000,1.0,0.7371795177459717,186.22116541862488
torch,CIFAR10,l2,AdamW,CrossEntropy,2,16100,1.0,0.7363781929016113,187.3845407962799
torch,CIFAR10,l2,AdamW,CrossEntropy,2,16200,1.0,0.7370793223381042,188.54756593704224
torch,CIFAR10,l2,AdamW,CrossEntropy,2,16300,1.0,0.7367788553237915,189.71032238006592
torch,CIFAR10,l2,AdamW,CrossEntropy,2,16400,1.0,0.7370793223381042,190.87398719787598
torch,CIFAR10,l2,AdamW,CrossEntropy,2,16500,1.0,0.7364783883094788,192.03772926330566
torch,CIFAR10,l2,AdamW,CrossEntropy,2,16600,1.0,0.7370793223381042,193.20079040527344
torch,CIFAR10,l2,AdamW,CrossEntropy,2,16700,1.0,0.7369791865348816,194.36420512199402
torch,CIFAR10,l2,AdamW,CrossEntropy,2,16800,1.0,0.7365785241127014,195.52857160568237
torch,CIFAR10,l2,AdamW,CrossEntropy,2,16900,1.0,0.7372796535491943,196.69221377372742
torch,CIFAR10,l2,AdamW,CrossEntropy,2,17000,1.0,0.7376803159713745,197.85770297050476
torch,CIFAR10,l2,AdamW,CrossEntropy,2,17100,1.0,0.7376803159713745,199.02134537696838
torch,CIFAR10,l2,AdamW,CrossEntropy,2,17200,1.0,0.7381811141967773,200.1848270893097
torch,CIFAR10,l2,AdamW,CrossEntropy,2,17300,1.0,0.7375801205635071,201.34781312942505
torch,CIFAR10,l2,AdamW,CrossEntropy,2,17400,1.0,0.7385817170143127,202.51129007339478
torch,CIFAR10,l2,AdamW,CrossEntropy,2,17500,1.0,0.7381811141967773,203.67515468597412
torch,CIFAR10,l2,AdamW,CrossEntropy,2,17600,1.0,0.739182710647583,204.83896589279175
torch,CIFAR10,l2,AdamW,CrossEntropy,2,17700,1.0,0.7393830418586731,206.00197434425354
torch,CIFAR10,l2,AdamW,CrossEntropy,2,17800,1.0,0.7397836446762085,207.1658763885498
torch,CIFAR10,l2,AdamW,CrossEntropy,2,17900,1.0,0.7401843070983887,208.3297460079193
torch,CIFAR10,l2,AdamW,CrossEntropy,2,18000,1.0,0.7401843070983887,209.49418139457703
torch,CIFAR10,l2,AdamW,CrossEntropy,2,18100,1.0,0.7407852411270142,210.65814638137817
torch,CIFAR10,l2,AdamW,CrossEntropy,2,18200,1.0,0.7404847741127014,211.82401204109192
torch,CIFAR10,l2,AdamW,CrossEntropy,2,18300,1.0,0.741286039352417,212.98651123046875
torch,CIFAR10,l2,AdamW,CrossEntropy,2,18400,1.0,0.7406851053237915,214.15067863464355
torch,CIFAR10,l2,AdamW,CrossEntropy,2,18500,1.0,0.7416867017745972,215.31339859962463
torch,CIFAR10,l2,AdamW,CrossEntropy,2,18600,1.0,0.741286039352417,216.47792100906372
torch,CIFAR10,l2,AdamW,CrossEntropy,2,18700,1.0,0.741286039352417,217.64166474342346
torch,CIFAR10,l2,AdamW,CrossEntropy,2,18800,1.0,0.7422876954078674,218.80565118789673
torch,CIFAR10,l2,AdamW,CrossEntropy,2,18900,1.0,0.7418870329856873,219.96978616714478
torch,CIFAR10,l2,AdamW,CrossEntropy,2,19000,1.0,0.7419871687889099,221.13295078277588
torch,CIFAR10,l2,AdamW,CrossEntropy,2,19100,1.0,0.7422876954078674,222.29631638526917
torch,CIFAR10,l2,AdamW,CrossEntropy,2,19200,1.0,0.7417868971824646,223.4607756137848
torch,CIFAR10,l2,AdamW,CrossEntropy,2,19300,1.0,0.7424879670143127,224.62395238876343
torch,CIFAR10,l2,AdamW,CrossEntropy,2,19400,1.0,0.7420873641967773,225.78834581375122
torch,CIFAR10,l2,AdamW,CrossEntropy,2,19500,1.0,0.7413862347602844,226.95146298408508
torch,CIFAR10,l2,AdamW,CrossEntropy,2,19600,1.0,0.7421875,228.11565852165222
torch,CIFAR10,l2,AdamW,CrossEntropy,2,19700,1.0,0.7420873641967773,229.27829694747925
torch,CIFAR10,l2,AdamW,CrossEntropy,2,19800,1.0,0.7418870329856873,230.44446539878845
torch,CIFAR10,l2,AdamW,CrossEntropy,2,19900,1.0,0.7416867017745972,231.6079466342926
torch,CIFAR10,l2,AdamW,CrossEntropy,2,20000,1.0,0.7429887652397156,232.7713873386383
torch,CIFAR10,l2,AdamW,CrossEntropy,2,20100,1.0,0.7422876954078674,233.93520593643188
torch,CIFAR10,l2,AdamW,CrossEntropy,2,20200,1.0,0.7426882982254028,235.0989284515381
torch,CIFAR10,l2,AdamW,CrossEntropy,2,20300,1.0,0.7432892918586731,236.26345872879028
torch,CIFAR10,l2,AdamW,CrossEntropy,2,20400,1.0,0.7422876954078674,237.42780756950378
torch,CIFAR10,l2,AdamW,CrossEntropy,2,20500,1.0,0.7425881624221802,238.59271883964539
torch,CIFAR10,l2,AdamW,CrossEntropy,2,20600,1.0,0.7424879670143127,239.75726437568665
torch,CIFAR10,l2,AdamW,CrossEntropy,2,20700,1.0,0.7424879670143127,240.92128801345825
torch,CIFAR10,l2,AdamW,CrossEntropy,2,20800,1.0,0.7415865659713745,242.08669233322144
torch,CIFAR10,l2,AdamW,CrossEntropy,2,20900,1.0,0.7419871687889099,243.2520546913147
torch,CIFAR10,l2,AdamW,CrossEntropy,2,21000,1.0,0.7427884936332703,244.41666769981384
torch,CIFAR10,l2,AdamW,CrossEntropy,2,21100,1.0,0.7421875,245.58212208747864
torch,CIFAR10,l2,AdamW,CrossEntropy,2,21200,1.0,0.7425881624221802,246.74681639671326
torch,CIFAR10,l2,AdamW,CrossEntropy,2,21300,1.0,0.7422876954078674,247.91231322288513
torch,CIFAR10,l2,AdamW,CrossEntropy,2,21400,1.0,0.7435897588729858,249.07685589790344
torch,CIFAR10,l2,AdamW,CrossEntropy,2,21500,1.0,0.743088960647583,250.243807554245
torch,CIFAR10,l2,AdamW,CrossEntropy,2,21600,1.0,0.7427884936332703,251.40832591056824
torch,CIFAR10,l2,AdamW,CrossEntropy,2,21700,1.0,0.7433894276618958,252.57341599464417
torch,CIFAR10,l2,AdamW,CrossEntropy,2,21800,1.0,0.7429887652397156,253.73840856552124
torch,CIFAR10,l2,AdamW,CrossEntropy,2,21900,1.0,0.7431890964508057,254.90351033210754
torch,CIFAR10,l2,AdamW,CrossEntropy,2,22000,1.0,0.7431890964508057,256.0674178600311
torch,CIFAR10,l2,AdamW,CrossEntropy,2,22100,1.0,0.7433894276618958,257.23252177238464
torch,CIFAR10,l2,AdamW,CrossEntropy,2,22200,1.0,0.743088960647583,258.39786028862
torch,CIFAR10,l2,AdamW,CrossEntropy,2,22300,1.0,0.7438902258872986,259.5632643699646
torch,CIFAR10,l2,AdamW,CrossEntropy,2,22400,1.0,0.7437900900840759,260.7274889945984
torch,CIFAR10,l2,AdamW,CrossEntropy,2,22500,1.0,0.7438902258872986,261.89252948760986
torch,CIFAR10,l2,AdamW,CrossEntropy,2,22600,1.0,0.7432892918586731,263.0572626590729
torch,CIFAR10,l2,AdamW,CrossEntropy,2,22700,1.0,0.7440905570983887,264.2217388153076
torch,CIFAR10,l2,AdamW,CrossEntropy,2,22800,1.0,0.7446914911270142,265.3864657878876
torch,CIFAR10,l2,AdamW,CrossEntropy,2,22900,1.0,0.7440905570983887,266.55271911621094
torch,CIFAR10,l2,AdamW,CrossEntropy,2,23000,1.0,0.7432892918586731,267.71670055389404
torch,CIFAR10,l2,AdamW,CrossEntropy,2,23100,1.0,0.7443910241127014,268.8804244995117
torch,CIFAR10,l2,AdamW,CrossEntropy,2,23200,1.0,0.7442908883094788,270.04409193992615
torch,CIFAR10,l2,AdamW,CrossEntropy,2,23300,1.0,0.7442908883094788,271.2087788581848
torch,CIFAR10,l2,AdamW,CrossEntropy,2,23400,1.0,0.7445913553237915,272.37412309646606
torch,CIFAR10,l2,AdamW,CrossEntropy,2,23500,1.0,0.7442908883094788,273.5381054878235
torch,CIFAR10,l2,AdamW,CrossEntropy,2,23600,1.0,0.7458934187889099,274.703022480011
torch,CIFAR10,l2,AdamW,CrossEntropy,2,23700,1.0,0.7454928159713745,275.8673725128174
torch,CIFAR10,l2,AdamW,CrossEntropy,2,23800,1.0,0.7447916865348816,277.03147864341736
torch,CIFAR10,l2,AdamW,CrossEntropy,2,23900,1.0,0.7456931471824646,278.19489765167236
torch,CIFAR10,l2,AdamW,CrossEntropy,2,24000,1.0,0.7449920177459717,279.3587758541107
torch,CIFAR10,l2,AdamW,CrossEntropy,2,24100,1.0,0.7447916865348816,280.5236825942993
torch,CIFAR10,l2,AdamW,CrossEntropy,2,24200,1.0,0.745192289352417,281.68736481666565
torch,CIFAR10,l2,AdamW,CrossEntropy,2,24300,1.0,0.7455929517745972,282.85136365890503
torch,CIFAR10,l2,AdamW,CrossEntropy,2,24400,1.0,0.7444912195205688,284.0143826007843
torch,CIFAR10,l2,AdamW,CrossEntropy,2,24500,1.0,0.7445913553237915,285.1780300140381
torch,CIFAR10,l2,AdamW,CrossEntropy,2,24600,1.0,0.7450921535491943,286.3424391746521
torch,CIFAR10,l2,AdamW,CrossEntropy,2,24700,1.0,0.7452924847602844,287.5073173046112
torch,CIFAR10,l2,AdamW,CrossEntropy,2,24800,1.0,0.7453926205635071,288.67199087142944
torch,CIFAR10,l2,AdamW,CrossEntropy,2,24900,1.0,0.745192289352417,289.83584904670715
torch,CIFAR10,l2,AdamW,CrossEntropy,2,25000,1.0,0.7453926205635071,290.99983048439026
torch,CIFAR10,l2,AdamW,CrossEntropy,2,25100,1.0,0.7457932829856873,292.1634237766266
torch,CIFAR10,l2,AdamW,CrossEntropy,2,25200,1.0,0.7452924847602844,293.32801508903503
torch,CIFAR10,l2,AdamW,CrossEntropy,2,25300,1.0,0.7457932829856873,294.4919240474701
torch,CIFAR10,l2,AdamW,CrossEntropy,2,25400,1.0,0.74609375,295.65645384788513
torch,CIFAR10,l2,AdamW,CrossEntropy,2,25500,1.0,0.7457932829856873,296.82100653648376
torch,CIFAR10,l2,AdamW,CrossEntropy,2,25600,1.0,0.7456931471824646,297.98491525650024
torch,CIFAR10,l2,AdamW,CrossEntropy,2,25700,1.0,0.7462940812110901,299.1497220993042
torch,CIFAR10,l2,AdamW,CrossEntropy,2,25800,1.0,0.7455929517745972,300.3140797615051
torch,CIFAR10,l2,AdamW,CrossEntropy,2,25900,1.0,0.7464944124221802,301.47816038131714
torch,CIFAR10,l2,AdamW,CrossEntropy,2,26000,1.0,0.7459936141967773,302.64387488365173
torch,CIFAR10,l2,AdamW,CrossEntropy,2,26100,1.0,0.7457932829856873,303.807963848114
torch,CIFAR10,l2,AdamW,CrossEntropy,2,26200,1.0,0.7458934187889099,304.97233533859253
torch,CIFAR10,l2,AdamW,CrossEntropy,2,26300,1.0,0.7456931471824646,306.1366710662842
torch,CIFAR10,l2,AdamW,CrossEntropy,2,26400,1.0,0.7459936141967773,307.301150560379
torch,CIFAR10,l2,AdamW,CrossEntropy,2,26500,1.0,0.7457932829856873,308.4651370048523
torch,CIFAR10,l2,AdamW,CrossEntropy,2,26600,1.0,0.7456931471824646,309.6307318210602
torch,CIFAR10,l2,AdamW,CrossEntropy,2,26700,1.0,0.7461939454078674,310.79440546035767
torch,CIFAR10,l2,AdamW,CrossEntropy,2,26800,1.0,0.7462940812110901,311.9590654373169
torch,CIFAR10,l2,AdamW,CrossEntropy,2,26900,1.0,0.7457932829856873,313.1235828399658
torch,CIFAR10,l2,AdamW,CrossEntropy,2,27000,1.0,0.7456931471824646,314.28748631477356
torch,CIFAR10,l2,AdamW,CrossEntropy,2,27100,1.0,0.7456931471824646,315.4520344734192
torch,CIFAR10,l2,AdamW,CrossEntropy,2,27200,1.0,0.7455929517745972,316.6159658432007
torch,CIFAR10,l2,AdamW,CrossEntropy,2,27300,1.0,0.7457932829856873,317.77988624572754
torch,CIFAR10,l2,AdamW,CrossEntropy,2,27400,1.0,0.74609375,318.94411444664
torch,CIFAR10,l2,AdamW,CrossEntropy,2,27500,1.0,0.7456931471824646,320.10765767097473
torch,CIFAR10,l2,AdamW,CrossEntropy,2,27600,1.0,0.745192289352417,321.27294540405273
torch,CIFAR10,l2,AdamW,CrossEntropy,2,27700,1.0,0.7456931471824646,322.4380145072937
torch,CIFAR10,l2,AdamW,CrossEntropy,2,27800,1.0,0.7456931471824646,323.6034755706787
torch,CIFAR10,l2,AdamW,CrossEntropy,2,27900,1.0,0.7454928159713745,324.76839995384216
torch,CIFAR10,l2,AdamW,CrossEntropy,2,28000,1.0,0.7455929517745972,325.9324474334717
torch,CIFAR10,l2,AdamW,CrossEntropy,2,28100,1.0,0.7459936141967773,327.09644198417664
torch,CIFAR10,l2,AdamW,CrossEntropy,2,28200,1.0,0.7454928159713745,328.26166343688965
torch,CIFAR10,l2,AdamW,CrossEntropy,2,28300,1.0,0.7467948794364929,329.4262681007385
torch,CIFAR10,l2,AdamW,CrossEntropy,2,28400,1.0,0.7467948794364929,330.59016394615173
torch,CIFAR10,l2,AdamW,CrossEntropy,2,28500,1.0,0.7459936141967773,331.75422167778015
torch,CIFAR10,l2,AdamW,CrossEntropy,2,28600,1.0,0.7462940812110901,332.91879868507385
torch,CIFAR10,l2,AdamW,CrossEntropy,2,28700,1.0,0.7465945482254028,334.08330154418945
torch,CIFAR10,l2,AdamW,CrossEntropy,2,28800,1.0,0.7463942170143127,335.2481827735901
torch,CIFAR10,l2,AdamW,CrossEntropy,2,28900,1.0,0.7461939454078674,336.4127883911133
torch,CIFAR10,l2,AdamW,CrossEntropy,2,29000,1.0,0.7468950152397156,337.57753348350525
torch,CIFAR10,l2,AdamW,CrossEntropy,2,29100,1.0,0.7484976053237915,338.74180793762207
torch,CIFAR10,l2,AdamW,CrossEntropy,2,29200,1.0,0.7486979365348816,339.9075756072998
torch,CIFAR10,l2,AdamW,CrossEntropy,2,29300,1.0,0.7491987347602844,341.07224774360657
torch,CIFAR10,l2,AdamW,CrossEntropy,2,29400,1.0,0.7480969429016113,342.23666620254517
torch,CIFAR10,l2,AdamW,CrossEntropy,2,29500,0.81171875,0.6321113705635071,343.4024384021759
torch,CIFAR10,l2,AdamW,CrossEntropy,2,29600,0.8270703125,0.6857972741127014,344.5673999786377
torch,CIFAR10,l2,AdamW,CrossEntropy,2,29700,0.901953125,0.6986178159713745,345.7328214645386
torch,CIFAR10,l2,AdamW,CrossEntropy,2,29800,0.96671875,0.704927921295166,346.89769077301025
torch,CIFAR10,l2,AdamW,CrossEntropy,2,29900,0.9640625,0.7027243971824646,348.06304144859314
torch,CIFAR10,l2,AdamW,CrossEntropy,2,30000,0.9830078125,0.7491987347602844,349.10242533683777
torch,CIFAR10,l2,AdamW,CrossEntropy,3,0,0.0,0.09605368971824646,0.12410497665405273
torch,CIFAR10,l2,AdamW,CrossEntropy,3,100,0.3736328125,0.4635416865348816,1.2916712760925293
torch,CIFAR10,l2,AdamW,CrossEntropy,3,200,0.5078125,0.5456730723381042,2.457118034362793
torch,CIFAR10,l2,AdamW,CrossEntropy,3,300,0.580078125,0.5731170177459717,3.6210362911224365
torch,CIFAR10,l2,AdamW,CrossEntropy,3,400,0.6280078125,0.629807710647583,4.787827730178833
torch,CIFAR10,l2,AdamW,CrossEntropy,3,500,0.6803515625,0.645432710647583,5.953749895095825
torch,CIFAR10,l2,AdamW,CrossEntropy,3,600,0.680625,0.6621594429016113,7.118900537490845
torch,CIFAR10,l2,AdamW,CrossEntropy,3,700,0.7252734375,0.6663662195205688,8.284678936004639
torch,CIFAR10,l2,AdamW,CrossEntropy,3,800,0.73078125,0.6785857677459717,9.450573444366455
torch,CIFAR10,l2,AdamW,CrossEntropy,3,900,0.7701171875,0.6829928159713745,10.616197347640991
torch,CIFAR10,l2,AdamW,CrossEntropy,3,1000,0.768671875,0.6875,11.782535791397095
torch,CIFAR10,l2,AdamW,CrossEntropy,3,1100,0.8104296875,0.6915064454078674,12.94817852973938
torch,CIFAR10,l2,AdamW,CrossEntropy,3,1200,0.8101953125,0.6967147588729858,14.114901304244995
torch,CIFAR10,l2,AdamW,CrossEntropy,3,1300,0.8433203125,0.6973156929016113,15.280444145202637
torch,CIFAR10,l2,AdamW,CrossEntropy,3,1400,0.8507421875,0.7019230723381042,16.447444677352905
torch,CIFAR10,l2,AdamW,CrossEntropy,3,1500,0.8792578125,0.6942107677459717,17.61376667022705
torch,CIFAR10,l2,AdamW,CrossEntropy,3,1600,0.8833203125,0.6993189454078674,18.781308889389038
torch,CIFAR10,l2,AdamW,CrossEntropy,3,1700,0.9123828125,0.6952123641967773,19.94631314277649
torch,CIFAR10,l2,AdamW,CrossEntropy,3,1800,0.911484375,0.703125,21.11295437812805
torch,CIFAR10,l2,AdamW,CrossEntropy,3,1900,0.9359765625,0.6993189454078674,22.278706550598145
torch,CIFAR10,l2,AdamW,CrossEntropy,3,2000,0.9337890625,0.7082331776618958,23.445213317871094
torch,CIFAR10,l2,AdamW,CrossEntropy,3,2100,0.9555078125,0.6985176205635071,24.612332820892334
torch,CIFAR10,l2,AdamW,CrossEntropy,3,2200,0.953671875,0.7013221383094788,25.77877140045166
torch,CIFAR10,l2,AdamW,CrossEntropy,3,2300,0.9647265625,0.7035256624221802,26.943997621536255
torch,CIFAR10,l2,AdamW,CrossEntropy,3,2400,0.96375,0.7057291865348816,28.110382556915283
torch,CIFAR10,l2,AdamW,CrossEntropy,3,2500,0.96609375,0.6998197436332703,29.277246713638306
torch,CIFAR10,l2,AdamW,CrossEntropy,3,2600,0.97109375,0.704026460647583,30.445141315460205
torch,CIFAR10,l2,AdamW,CrossEntropy,3,2700,0.971953125,0.6896033883094788,31.611486673355103
torch,CIFAR10,l2,AdamW,CrossEntropy,3,2800,0.9685546875,0.7047275900840759,32.7794406414032
torch,CIFAR10,l2,AdamW,CrossEntropy,3,2900,0.9678125,0.6980168223381042,33.945494174957275
torch,CIFAR10,l2,AdamW,CrossEntropy,3,3000,0.9677734375,0.7004206776618958,35.1118905544281
torch,CIFAR10,l2,AdamW,CrossEntropy,3,3100,0.96453125,0.6896033883094788,36.2780544757843
torch,CIFAR10,l2,AdamW,CrossEntropy,3,3200,0.9670703125,0.7047275900840759,37.44457960128784
torch,CIFAR10,l2,AdamW,CrossEntropy,3,3300,0.9716796875,0.6894030570983887,38.61082696914673
torch,CIFAR10,l2,AdamW,CrossEntropy,3,3400,0.97375,0.6990184187889099,39.77784204483032
torch,CIFAR10,l2,AdamW,CrossEntropy,3,3500,0.9703125,0.6940104365348816,40.944990158081055
torch,CIFAR10,l2,AdamW,CrossEntropy,3,3600,0.977421875,0.7062299847602844,42.112486600875854
torch,CIFAR10,l2,AdamW,CrossEntropy,3,3700,0.9761328125,0.6994190812110901,43.278151988983154
torch,CIFAR10,l2,AdamW,CrossEntropy,3,3800,0.9814453125,0.7007211446762085,44.445993185043335
torch,CIFAR10,l2,AdamW,CrossEntropy,3,3900,0.9793359375,0.6977163553237915,45.611616373062134
torch,CIFAR10,l2,AdamW,CrossEntropy,3,4000,0.98234375,0.6985176205635071,46.77813410758972
torch,CIFAR10,l2,AdamW,CrossEntropy,3,4100,0.97,0.6934094429016113,47.94456386566162
torch,CIFAR10,l2,AdamW,CrossEntropy,3,4200,0.973515625,0.6911057829856873,49.11064910888672
torch,CIFAR10,l2,AdamW,CrossEntropy,3,4300,0.96890625,0.6872996687889099,50.27742624282837
torch,CIFAR10,l2,AdamW,CrossEntropy,3,4400,0.9755078125,0.6966145634651184,51.444008588790894
torch,CIFAR10,l2,AdamW,CrossEntropy,3,4500,0.975,0.6977163553237915,52.613314628601074
torch,CIFAR10,l2,AdamW,CrossEntropy,3,4600,0.981328125,0.6947115659713745,53.780373096466064
torch,CIFAR10,l2,AdamW,CrossEntropy,3,4700,0.9773046875,0.7005208134651184,54.94783639907837
torch,CIFAR10,l2,AdamW,CrossEntropy,3,4800,0.9836328125,0.704927921295166,56.11388826370239
torch,CIFAR10,l2,AdamW,CrossEntropy,3,4900,0.981328125,0.6970152258872986,57.28125596046448
torch,CIFAR10,l2,AdamW,CrossEntropy,3,5000,0.988046875,0.7057291865348816,58.447879791259766
torch,CIFAR10,l2,AdamW,CrossEntropy,3,5100,0.9838671875,0.7025240659713745,59.61511254310608
torch,CIFAR10,l2,AdamW,CrossEntropy,3,5200,0.9859375,0.7016226053237915,60.780558586120605
torch,CIFAR10,l2,AdamW,CrossEntropy,3,5300,0.980390625,0.6900039911270142,61.94772815704346
torch,CIFAR10,l2,AdamW,CrossEntropy,3,5400,0.9808984375,0.6942107677459717,63.11398410797119
torch,CIFAR10,l2,AdamW,CrossEntropy,3,5500,0.9738671875,0.6856971383094788,64.2801501750946
torch,CIFAR10,l2,AdamW,CrossEntropy,3,5600,0.9746484375,0.6997195482254028,65.44636940956116
torch,CIFAR10,l2,AdamW,CrossEntropy,3,5700,0.97375,0.6957131624221802,66.61435556411743
torch,CIFAR10,l2,AdamW,CrossEntropy,3,5800,0.9788671875,0.6915064454078674,67.78068828582764
torch,CIFAR10,l2,AdamW,CrossEntropy,3,5900,0.9765234375,0.6929086446762085,68.94766473770142
torch,CIFAR10,l2,AdamW,CrossEntropy,3,6000,0.9825,0.6969150900840759,70.11407971382141
torch,CIFAR10,l2,AdamW,CrossEntropy,3,6100,0.98484375,0.6977163553237915,71.28121781349182
torch,CIFAR10,l2,AdamW,CrossEntropy,3,6200,0.986875,0.6996194124221802,72.44731545448303
torch,CIFAR10,l2,AdamW,CrossEntropy,3,6300,0.9876171875,0.6964142918586731,73.61373615264893
torch,CIFAR10,l2,AdamW,CrossEntropy,3,6400,0.988125,0.6957131624221802,74.7799220085144
torch,CIFAR10,l2,AdamW,CrossEntropy,3,6500,0.9879296875,0.6964142918586731,75.9470226764679
torch,CIFAR10,l2,AdamW,CrossEntropy,3,6600,0.9888671875,0.7048277258872986,77.11351227760315
torch,CIFAR10,l2,AdamW,CrossEntropy,3,6700,0.9888671875,0.6902043223381042,78.27962183952332
torch,CIFAR10,l2,AdamW,CrossEntropy,3,6800,0.98546875,0.6959134936332703,79.44585251808167
torch,CIFAR10,l2,AdamW,CrossEntropy,3,6900,0.9815234375,0.6928085088729858,80.61233901977539
torch,CIFAR10,l2,AdamW,CrossEntropy,3,7000,0.981015625,0.6906049847602844,81.78040766716003
torch,CIFAR10,l2,AdamW,CrossEntropy,3,7100,0.9799609375,0.7016226053237915,82.94647169113159
torch,CIFAR10,l2,AdamW,CrossEntropy,3,7200,0.97921875,0.6924078464508057,84.11205077171326
torch,CIFAR10,l2,AdamW,CrossEntropy,3,7300,0.9816015625,0.700120210647583,85.2782769203186
torch,CIFAR10,l2,AdamW,CrossEntropy,3,7400,0.98,0.700120210647583,86.44411873817444
torch,CIFAR10,l2,AdamW,CrossEntropy,3,7500,0.98359375,0.6963140964508057,87.61071491241455
torch,CIFAR10,l2,AdamW,CrossEntropy,3,7600,0.9846875,0.6960136294364929,88.77778458595276
torch,CIFAR10,l2,AdamW,CrossEntropy,3,7700,0.9887890625,0.7057291865348816,89.94487595558167
torch,CIFAR10,l2,AdamW,CrossEntropy,3,7800,0.9870703125,0.6991186141967773,91.11181330680847
torch,CIFAR10,l2,AdamW,CrossEntropy,3,7900,0.99265625,0.6997195482254028,92.27839159965515
torch,CIFAR10,l2,AdamW,CrossEntropy,3,8000,0.99109375,0.6980168223381042,93.44375514984131
torch,CIFAR10,l2,AdamW,CrossEntropy,3,8100,0.9938671875,0.7080328464508057,94.61098861694336
torch,CIFAR10,l2,AdamW,CrossEntropy,3,8200,0.9937890625,0.7033253312110901,95.7770049571991
torch,CIFAR10,l2,AdamW,CrossEntropy,3,8300,0.996953125,0.7046273946762085,96.94523763656616
torch,CIFAR10,l2,AdamW,CrossEntropy,3,8400,0.9948828125,0.7011218070983887,98.11033630371094
torch,CIFAR10,l2,AdamW,CrossEntropy,3,8500,0.99640625,0.7058293223381042,99.27670001983643
torch,CIFAR10,l2,AdamW,CrossEntropy,3,8600,0.993984375,0.6955128312110901,100.4429223537445
torch,CIFAR10,l2,AdamW,CrossEntropy,3,8700,0.98921875,0.6955128312110901,101.60934925079346
torch,CIFAR10,l2,AdamW,CrossEntropy,3,8800,0.973984375,0.6845953464508057,102.77792501449585
torch,CIFAR10,l2,AdamW,CrossEntropy,3,8900,0.9678515625,0.6781851053237915,103.94533896446228
torch,CIFAR10,l2,AdamW,CrossEntropy,3,9000,0.96546875,0.6846955418586731,105.11359882354736
torch,CIFAR10,l2,AdamW,CrossEntropy,3,9100,0.9746484375,0.6901041865348816,106.27928757667542
torch,CIFAR10,l2,AdamW,CrossEntropy,3,9200,0.9773046875,0.6953125,107.44628930091858
torch,CIFAR10,l2,AdamW,CrossEntropy,3,9300,0.9884765625,0.69921875,108.6125557422638
torch,CIFAR10,l2,AdamW,CrossEntropy,3,9400,0.99140625,0.7034254670143127,109.77902483940125
torch,CIFAR10,l2,AdamW,CrossEntropy,3,9500,0.995390625,0.700120210647583,110.94507169723511
torch,CIFAR10,l2,AdamW,CrossEntropy,3,9600,0.9961328125,0.7025240659713745,112.11186838150024
torch,CIFAR10,l2,AdamW,CrossEntropy,3,9700,0.998828125,0.702223539352417,113.27760362625122
torch,CIFAR10,l2,AdamW,CrossEntropy,3,9800,0.9987109375,0.7060296535491943,114.44410157203674
torch,CIFAR10,l2,AdamW,CrossEntropy,3,9900,0.999921875,0.7102363705635071,115.6099705696106
torch,CIFAR10,l2,AdamW,CrossEntropy,3,10000,0.9999609375,0.7132412195205688,116.77539992332458
torch,CIFAR10,l2,AdamW,CrossEntropy,3,10100,1.0,0.7141426205635071,117.94066643714905
torch,CIFAR10,l2,AdamW,CrossEntropy,3,10200,1.0,0.7164463400840759,119.10620450973511
torch,CIFAR10,l2,AdamW,CrossEntropy,3,10300,1.0,0.7150440812110901,120.27064180374146
torch,CIFAR10,l2,AdamW,CrossEntropy,3,10400,1.0,0.7146434187889099,121.43680357933044
torch,CIFAR10,l2,AdamW,CrossEntropy,3,10500,1.0,0.7149439454078674,122.60248160362244
torch,CIFAR10,l2,AdamW,CrossEntropy,3,10600,1.0,0.7154447436332703,123.76812839508057
torch,CIFAR10,l2,AdamW,CrossEntropy,3,10700,1.0,0.7151442170143127,124.93383765220642
torch,CIFAR10,l2,AdamW,CrossEntropy,3,10800,1.0,0.7151442170143127,126.0995512008667
torch,CIFAR10,l2,AdamW,CrossEntropy,3,10900,1.0,0.71484375,127.26908206939697
torch,CIFAR10,l2,AdamW,CrossEntropy,3,11000,1.0,0.7156450152397156,128.4350666999817
torch,CIFAR10,l2,AdamW,CrossEntropy,3,11100,1.0,0.7161458134651184,129.60977721214294
torch,CIFAR10,l2,AdamW,CrossEntropy,3,11200,1.0,0.715745210647583,130.78817486763
torch,CIFAR10,l2,AdamW,CrossEntropy,3,11300,1.0,0.7171474695205688,131.9601845741272
torch,CIFAR10,l2,AdamW,CrossEntropy,3,11400,1.0,0.7164463400840759,133.12806224822998
torch,CIFAR10,l2,AdamW,CrossEntropy,3,11500,1.0,0.7173477411270142,134.3046748638153
torch,CIFAR10,l2,AdamW,CrossEntropy,3,11600,1.0,0.7174479365348816,135.47693181037903
torch,CIFAR10,l2,AdamW,CrossEntropy,3,11700,1.0,0.7172476053237915,136.64548587799072
torch,CIFAR10,l2,AdamW,CrossEntropy,3,11800,1.0,0.7170472741127014,137.8173689842224
torch,CIFAR10,l2,AdamW,CrossEntropy,3,11900,1.0,0.7177484035491943,138.9855818748474
torch,CIFAR10,l2,AdamW,CrossEntropy,3,12000,1.0,0.717848539352417,140.15966963768005
torch,CIFAR10,l2,AdamW,CrossEntropy,3,12100,1.0,0.7174479365348816,141.33625650405884
torch,CIFAR10,l2,AdamW,CrossEntropy,3,12200,1.0,0.7183493971824646,142.50513434410095
torch,CIFAR10,l2,AdamW,CrossEntropy,3,12300,1.0,0.71875,143.67457342147827
torch,CIFAR10,l2,AdamW,CrossEntropy,3,12400,1.0,0.7191506624221802,144.84240245819092
torch,CIFAR10,l2,AdamW,CrossEntropy,3,12500,1.0,0.7194511294364929,146.01022720336914
torch,CIFAR10,l2,AdamW,CrossEntropy,3,12600,1.0,0.7193509936332703,147.18006587028503
torch,CIFAR10,l2,AdamW,CrossEntropy,3,12700,1.0,0.7195512652397156,148.35741424560547
torch,CIFAR10,l2,AdamW,CrossEntropy,3,12800,1.0,0.719651460647583,149.52678871154785
torch,CIFAR10,l2,AdamW,CrossEntropy,3,12900,1.0,0.7193509936332703,150.69806361198425
torch,CIFAR10,l2,AdamW,CrossEntropy,3,13000,1.0,0.7204527258872986,151.86995935440063
torch,CIFAR10,l2,AdamW,CrossEntropy,3,13100,1.0,0.7199519276618958,153.03710341453552
torch,CIFAR10,l2,AdamW,CrossEntropy,3,13200,1.0,0.7206530570983887,154.20341229438782
torch,CIFAR10,l2,AdamW,CrossEntropy,3,13300,1.0,0.7204527258872986,155.3713676929474
torch,CIFAR10,l2,AdamW,CrossEntropy,3,13400,1.0,0.7211538553237915,156.53829979896545
torch,CIFAR10,l2,AdamW,CrossEntropy,3,13500,1.0,0.7210537195205688,157.70479083061218
torch,CIFAR10,l2,AdamW,CrossEntropy,3,13600,1.0,0.7223557829856873,158.8786358833313
torch,CIFAR10,l2,AdamW,CrossEntropy,3,13700,1.0,0.721754789352417,160.04679369926453
torch,CIFAR10,l2,AdamW,CrossEntropy,3,13800,1.0,0.7219551205635071,161.21391034126282
torch,CIFAR10,l2,AdamW,CrossEntropy,3,13900,1.0,0.7228565812110901,162.38946270942688
torch,CIFAR10,l2,AdamW,CrossEntropy,3,14000,1.0,0.7222556471824646,163.56030106544495
torch,CIFAR10,l2,AdamW,CrossEntropy,3,14100,1.0,0.7234575152397156,164.73000240325928
torch,CIFAR10,l2,AdamW,CrossEntropy,3,14200,1.0,0.7230569124221802,165.90412759780884
torch,CIFAR10,l2,AdamW,CrossEntropy,3,14300,1.0,0.7227564454078674,167.07213306427002
torch,CIFAR10,l2,AdamW,CrossEntropy,3,14400,1.0,0.7241586446762085,168.24064803123474
torch,CIFAR10,l2,AdamW,CrossEntropy,3,14500,1.0,0.7242588400840759,169.40691781044006
torch,CIFAR10,l2,AdamW,CrossEntropy,3,14600,1.0,0.7240585088729858,170.57645726203918
torch,CIFAR10,l2,AdamW,CrossEntropy,3,14700,1.0,0.7249599695205688,171.7450897693634
torch,CIFAR10,l2,AdamW,CrossEntropy,3,14800,1.0,0.7251602411270142,172.91307973861694
torch,CIFAR10,l2,AdamW,CrossEntropy,3,14900,1.0,0.7254607677459717,174.08295226097107
torch,CIFAR10,l2,AdamW,CrossEntropy,3,15000,1.0,0.7255609035491943,175.25373721122742
torch,CIFAR10,l2,AdamW,CrossEntropy,3,15100,1.0,0.7254607677459717,176.4383828639984
torch,CIFAR10,l2,AdamW,CrossEntropy,3,15200,1.0,0.7267628312110901,177.60906219482422
torch,CIFAR10,l2,AdamW,CrossEntropy,3,15300,1.0,0.7263621687889099,178.7779140472412
torch,CIFAR10,l2,AdamW,CrossEntropy,3,15400,1.0,0.7268629670143127,179.94873070716858
torch,CIFAR10,l2,AdamW,CrossEntropy,3,15500,1.0,0.7272636294364929,181.12526988983154
torch,CIFAR10,l2,AdamW,CrossEntropy,3,15600,1.0,0.7270632982254028,182.3065037727356
torch,CIFAR10,l2,AdamW,CrossEntropy,3,15700,1.0,0.7278645634651184,183.4763376712799
torch,CIFAR10,l2,AdamW,CrossEntropy,3,15800,1.0,0.7277644276618958,184.64924216270447
torch,CIFAR10,l2,AdamW,CrossEntropy,3,15900,1.0,0.7287660241127014,185.81666612625122
torch,CIFAR10,l2,AdamW,CrossEntropy,3,16000,1.0,0.7280648946762085,186.9827105998993
torch,CIFAR10,l2,AdamW,CrossEntropy,3,16100,1.0,0.729567289352417,188.15059161186218
torch,CIFAR10,l2,AdamW,CrossEntropy,3,16200,1.0,0.7294671535491943,189.32590579986572
torch,CIFAR10,l2,AdamW,CrossEntropy,3,16300,1.0,0.7298678159713745,190.49781703948975
torch,CIFAR10,l2,AdamW,CrossEntropy,3,16400,1.0,0.7294671535491943,191.66710686683655
torch,CIFAR10,l2,AdamW,CrossEntropy,3,16500,1.0,0.7305689454078674,192.83666110038757
torch,CIFAR10,l2,AdamW,CrossEntropy,3,16600,1.0,0.7297676205635071,194.00534844398499
torch,CIFAR10,l2,AdamW,CrossEntropy,3,16700,1.0,0.7298678159713745,195.1733148097992
torch,CIFAR10,l2,AdamW,CrossEntropy,3,16800,1.0,0.7310697436332703,196.34050250053406
torch,CIFAR10,l2,AdamW,CrossEntropy,3,16900,1.0,0.7310697436332703,197.50987339019775
torch,CIFAR10,l2,AdamW,CrossEntropy,3,17000,1.0,0.7306690812110901,198.68267464637756
torch,CIFAR10,l2,AdamW,CrossEntropy,3,17100,1.0,0.7314703464508057,199.85235738754272
torch,CIFAR10,l2,AdamW,CrossEntropy,3,17200,1.0,0.7317708134651184,201.02083134651184
torch,CIFAR10,l2,AdamW,CrossEntropy,3,17300,1.0,0.7307692170143127,202.19614100456238
torch,CIFAR10,l2,AdamW,CrossEntropy,3,17400,1.0,0.7316706776618958,203.36314249038696
torch,CIFAR10,l2,AdamW,CrossEntropy,3,17500,1.0,0.7314703464508057,204.53113913536072
torch,CIFAR10,l2,AdamW,CrossEntropy,3,17600,1.0,0.7316706776618958,205.69981288909912
torch,CIFAR10,l2,AdamW,CrossEntropy,3,17700,1.0,0.732271671295166,206.8684585094452
torch,CIFAR10,l2,AdamW,CrossEntropy,3,17800,1.0,0.7318710088729858,208.03787636756897
torch,CIFAR10,l2,AdamW,CrossEntropy,3,17900,1.0,0.7331730723381042,209.20394086837769
torch,CIFAR10,l2,AdamW,CrossEntropy,3,18000,1.0,0.7328726053237915,210.37382245063782
torch,CIFAR10,l2,AdamW,CrossEntropy,3,18100,1.0,0.732271671295166,211.54475927352905
torch,CIFAR10,l2,AdamW,CrossEntropy,3,18200,1.0,0.7327724695205688,212.71260571479797
torch,CIFAR10,l2,AdamW,CrossEntropy,3,18300,1.0,0.733473539352417,213.88880348205566
torch,CIFAR10,l2,AdamW,CrossEntropy,3,18400,1.0,0.7331730723381042,215.059734582901
torch,CIFAR10,l2,AdamW,CrossEntropy,3,18500,1.0,0.7336738705635071,216.22839379310608
torch,CIFAR10,l2,AdamW,CrossEntropy,3,18600,1.0,0.7338742017745972,217.39728665351868
torch,CIFAR10,l2,AdamW,CrossEntropy,3,18700,1.0,0.7329727411270142,218.56916999816895
torch,CIFAR10,l2,AdamW,CrossEntropy,3,18800,1.0,0.7340745329856873,219.73632073402405
torch,CIFAR10,l2,AdamW,CrossEntropy,3,18900,1.0,0.7340745329856873,220.90976357460022
torch,CIFAR10,l2,AdamW,CrossEntropy,3,19000,1.0,0.7341746687889099,222.0785937309265
torch,CIFAR10,l2,AdamW,CrossEntropy,3,19100,1.0,0.7353765964508057,223.24809074401855
torch,CIFAR10,l2,AdamW,CrossEntropy,3,19200,1.0,0.7351762652397156,224.4175591468811
torch,CIFAR10,l2,AdamW,CrossEntropy,3,19300,1.0,0.7346754670143127,225.58466219902039
torch,CIFAR10,l2,AdamW,CrossEntropy,3,19400,1.0,0.7350761294364929,226.7519223690033
torch,CIFAR10,l2,AdamW,CrossEntropy,3,19500,1.0,0.7350761294364929,227.92257237434387
torch,CIFAR10,l2,AdamW,CrossEntropy,3,19600,1.0,0.7349759936332703,229.09352684020996
torch,CIFAR10,l2,AdamW,CrossEntropy,3,19700,1.0,0.7351762652397156,230.26191020011902
torch,CIFAR10,l2,AdamW,CrossEntropy,3,19800,1.0,0.7346754670143127,231.43137311935425
torch,CIFAR10,l2,AdamW,CrossEntropy,3,19900,1.0,0.7353765964508057,232.60517764091492
torch,CIFAR10,l2,AdamW,CrossEntropy,3,20000,1.0,0.7351762652397156,233.77696871757507
torch,CIFAR10,l2,AdamW,CrossEntropy,3,20100,1.0,0.7363781929016113,234.94573163986206
torch,CIFAR10,l2,AdamW,CrossEntropy,3,20200,1.0,0.7360777258872986,236.12157130241394
torch,CIFAR10,l2,AdamW,CrossEntropy,3,20300,1.0,0.7372796535491943,237.29359364509583
torch,CIFAR10,l2,AdamW,CrossEntropy,3,20400,1.0,0.7366787195205688,238.46470189094543
torch,CIFAR10,l2,AdamW,CrossEntropy,3,20500,1.0,0.7375801205635071,239.63805532455444
torch,CIFAR10,l2,AdamW,CrossEntropy,3,20600,1.0,0.7371795177459717,240.81028938293457
torch,CIFAR10,l2,AdamW,CrossEntropy,3,20700,1.0,0.7375801205635071,241.98652935028076
torch,CIFAR10,l2,AdamW,CrossEntropy,3,20800,1.0,0.737379789352417,243.1604733467102
torch,CIFAR10,l2,AdamW,CrossEntropy,3,20900,1.0,0.7374799847602844,244.32915544509888
torch,CIFAR10,l2,AdamW,CrossEntropy,3,21000,1.0,0.7381811141967773,245.49886775016785
torch,CIFAR10,l2,AdamW,CrossEntropy,3,21100,1.0,0.7381811141967773,246.66795206069946
torch,CIFAR10,l2,AdamW,CrossEntropy,3,21200,1.0,0.7388822436332703,247.83472108840942
torch,CIFAR10,l2,AdamW,CrossEntropy,3,21300,1.0,0.7389823794364929,249.00337386131287
torch,CIFAR10,l2,AdamW,CrossEntropy,3,21400,1.0,0.7381811141967773,250.17342162132263
torch,CIFAR10,l2,AdamW,CrossEntropy,3,21500,1.0,0.7384815812110901,251.3486294746399
torch,CIFAR10,l2,AdamW,CrossEntropy,3,21600,1.0,0.7385817170143127,252.52629446983337
torch,CIFAR10,l2,AdamW,CrossEntropy,3,21700,1.0,0.7402844429016113,253.69412279129028
torch,CIFAR10,l2,AdamW,CrossEntropy,3,21800,1.0,0.7395833134651184,254.86076021194458
torch,CIFAR10,l2,AdamW,CrossEntropy,3,21900,1.0,0.7397836446762085,256.0283398628235
torch,CIFAR10,l2,AdamW,CrossEntropy,3,22000,1.0,0.7401843070983887,257.19732689857483
torch,CIFAR10,l2,AdamW,CrossEntropy,3,22100,1.0,0.7399839758872986,258.3654909133911
torch,CIFAR10,l2,AdamW,CrossEntropy,3,22200,1.0,0.7403846383094788,259.53530263900757
torch,CIFAR10,l2,AdamW,CrossEntropy,3,22300,1.0,0.741286039352417,260.7057614326477
torch,CIFAR10,l2,AdamW,CrossEntropy,3,22400,1.0,0.7406851053237915,261.8753070831299
torch,CIFAR10,l2,AdamW,CrossEntropy,3,22500,1.0,0.7408854365348816,263.0493092536926
torch,CIFAR10,l2,AdamW,CrossEntropy,3,22600,1.0,0.7405849695205688,264.2576286792755
torch,CIFAR10,l2,AdamW,CrossEntropy,3,22700,1.0,0.7409855723381042,265.4256229400635
torch,CIFAR10,l2,AdamW,CrossEntropy,3,22800,1.0,0.7409855723381042,266.5982074737549
torch,CIFAR10,l2,AdamW,CrossEntropy,3,22900,1.0,0.7409855723381042,267.769428730011
torch,CIFAR10,l2,AdamW,CrossEntropy,3,23000,1.0,0.7415865659713745,268.93556332588196
torch,CIFAR10,l2,AdamW,CrossEntropy,3,23100,1.0,0.7408854365348816,270.1022136211395
torch,CIFAR10,l2,AdamW,CrossEntropy,3,23200,1.0,0.741286039352417,271.2698588371277
torch,CIFAR10,l2,AdamW,CrossEntropy,3,23300,1.0,0.7417868971824646,272.43785095214844
torch,CIFAR10,l2,AdamW,CrossEntropy,3,23400,1.0,0.7410857677459717,273.60650539398193
torch,CIFAR10,l2,AdamW,CrossEntropy,3,23500,1.0,0.7423878312110901,274.7768087387085
torch,CIFAR10,l2,AdamW,CrossEntropy,3,23600,1.0,0.7417868971824646,275.9458358287811
torch,CIFAR10,l2,AdamW,CrossEntropy,3,23700,1.0,0.7421875,277.1271255016327
torch,CIFAR10,l2,AdamW,CrossEntropy,3,23800,1.0,0.7419871687889099,278.2998459339142
torch,CIFAR10,l2,AdamW,CrossEntropy,3,23900,1.0,0.7418870329856873,279.47262620925903
torch,CIFAR10,l2,AdamW,CrossEntropy,3,24000,1.0,0.7427884936332703,280.64754605293274
torch,CIFAR10,l2,AdamW,CrossEntropy,3,24100,1.0,0.7426882982254028,281.8202922344208
torch,CIFAR10,l2,AdamW,CrossEntropy,3,24200,1.0,0.7420873641967773,282.9960560798645
torch,CIFAR10,l2,AdamW,CrossEntropy,3,24300,1.0,0.7422876954078674,284.16679406166077
torch,CIFAR10,l2,AdamW,CrossEntropy,3,24400,1.0,0.7421875,285.3340435028076
torch,CIFAR10,l2,AdamW,CrossEntropy,3,24500,1.0,0.7427884936332703,286.50022745132446
torch,CIFAR10,l2,AdamW,CrossEntropy,3,24600,1.0,0.7433894276618958,287.6682469844818
torch,CIFAR10,l2,AdamW,CrossEntropy,3,24700,1.0,0.743990421295166,288.83547163009644
torch,CIFAR10,l2,AdamW,CrossEntropy,3,24800,1.0,0.7436898946762085,290.0033504962921
torch,CIFAR10,l2,AdamW,CrossEntropy,3,24900,1.0,0.7438902258872986,291.1725504398346
torch,CIFAR10,l2,AdamW,CrossEntropy,3,25000,1.0,0.7446914911270142,292.34123182296753
torch,CIFAR10,l2,AdamW,CrossEntropy,3,25100,1.0,0.7441906929016113,293.50838255882263
torch,CIFAR10,l2,AdamW,CrossEntropy,3,25200,1.0,0.743990421295166,294.67720007896423
torch,CIFAR10,l2,AdamW,CrossEntropy,3,25300,1.0,0.7440905570983887,295.843101978302
torch,CIFAR10,l2,AdamW,CrossEntropy,3,25400,1.0,0.7449920177459717,297.01937794685364
torch,CIFAR10,l2,AdamW,CrossEntropy,3,25500,1.0,0.7445913553237915,298.1926648616791
torch,CIFAR10,l2,AdamW,CrossEntropy,3,25600,1.0,0.7448918223381042,299.3621666431427
torch,CIFAR10,l2,AdamW,CrossEntropy,3,25700,1.0,0.7449920177459717,300.53484654426575
torch,CIFAR10,l2,AdamW,CrossEntropy,3,25800,1.0,0.7441906929016113,301.70137000083923
torch,CIFAR10,l2,AdamW,CrossEntropy,3,25900,1.0,0.7444912195205688,302.86978125572205
torch,CIFAR10,l2,AdamW,CrossEntropy,3,26000,1.0,0.7442908883094788,304.03719091415405
torch,CIFAR10,l2,AdamW,CrossEntropy,3,26100,1.0,0.745192289352417,305.2066135406494
torch,CIFAR10,l2,AdamW,CrossEntropy,3,26200,1.0,0.7450921535491943,306.37300157546997
torch,CIFAR10,l2,AdamW,CrossEntropy,3,26300,1.0,0.7459936141967773,307.54007625579834
torch,CIFAR10,l2,AdamW,CrossEntropy,3,26400,1.0,0.7459936141967773,308.7086899280548
torch,CIFAR10,l2,AdamW,CrossEntropy,3,26500,1.0,0.7453926205635071,309.8758499622345
torch,CIFAR10,l2,AdamW,CrossEntropy,3,26600,1.0,0.7454928159713745,311.04377126693726
torch,CIFAR10,l2,AdamW,CrossEntropy,3,26700,1.0,0.7458934187889099,312.20922088623047
torch,CIFAR10,l2,AdamW,CrossEntropy,3,26800,1.0,0.7457932829856873,313.3764429092407
torch,CIFAR10,l2,AdamW,CrossEntropy,3,26900,1.0,0.7457932829856873,314.5458858013153
torch,CIFAR10,l2,AdamW,CrossEntropy,3,27000,1.0,0.7463942170143127,315.71293592453003
torch,CIFAR10,l2,AdamW,CrossEntropy,3,27100,1.0,0.7459936141967773,316.8815608024597
torch,CIFAR10,l2,AdamW,CrossEntropy,3,27200,1.0,0.7462940812110901,318.0470242500305
torch,CIFAR10,l2,AdamW,CrossEntropy,3,27300,1.0,0.7459936141967773,319.21341466903687
torch,CIFAR10,l2,AdamW,CrossEntropy,3,27400,1.0,0.7466947436332703,320.38054299354553
torch,CIFAR10,l2,AdamW,CrossEntropy,3,27500,1.0,0.7464944124221802,321.5493469238281
torch,CIFAR10,l2,AdamW,CrossEntropy,3,27600,1.0,0.7464944124221802,322.71965050697327
torch,CIFAR10,l2,AdamW,CrossEntropy,3,27700,1.0,0.7463942170143127,323.88746404647827
torch,CIFAR10,l2,AdamW,CrossEntropy,3,27800,1.0,0.74609375,325.0555555820465
torch,CIFAR10,l2,AdamW,CrossEntropy,3,27900,1.0,0.7459936141967773,326.2240540981293
torch,CIFAR10,l2,AdamW,CrossEntropy,3,28000,1.0,0.7463942170143127,327.3913378715515
torch,CIFAR10,l2,AdamW,CrossEntropy,3,28100,1.0,0.7461939454078674,328.5600757598877
torch,CIFAR10,l2,AdamW,CrossEntropy,3,28200,1.0,0.7461939454078674,329.72915983200073
torch,CIFAR10,l2,AdamW,CrossEntropy,3,28300,1.0,0.7464944124221802,330.8940706253052
torch,CIFAR10,l2,AdamW,CrossEntropy,3,28400,1.0,0.7463942170143127,332.06026697158813
torch,CIFAR10,l2,AdamW,CrossEntropy,3,28500,1.0,0.7468950152397156,333.22556829452515
torch,CIFAR10,l2,AdamW,CrossEntropy,3,28600,1.0,0.7462940812110901,334.3912363052368
torch,CIFAR10,l2,AdamW,CrossEntropy,3,28700,1.0,0.7459936141967773,335.55628299713135
torch,CIFAR10,l2,AdamW,CrossEntropy,3,28800,1.0,0.7466947436332703,336.72145080566406
torch,CIFAR10,l2,AdamW,CrossEntropy,3,28900,1.0,0.7466947436332703,337.88614988327026
torch,CIFAR10,l2,AdamW,CrossEntropy,3,29000,1.0,0.74609375,339.05232787132263
torch,CIFAR10,l2,AdamW,CrossEntropy,3,29100,1.0,0.74609375,340.21822118759155
torch,CIFAR10,l2,AdamW,CrossEntropy,3,29200,1.0,0.7458934187889099,341.38675928115845
torch,CIFAR10,l2,AdamW,CrossEntropy,3,29300,1.0,0.7459936141967773,342.5512638092041
torch,CIFAR10,l2,AdamW,CrossEntropy,3,29400,1.0,0.7458934187889099,343.7167317867279
torch,CIFAR10,l2,AdamW,CrossEntropy,3,29500,1.0,0.7454928159713745,344.88358068466187
torch,CIFAR10,l2,AdamW,CrossEntropy,3,29600,1.0,0.7454928159713745,346.04923129081726
torch,CIFAR10,l2,AdamW,CrossEntropy,3,29700,1.0,0.7450921535491943,347.2154507637024
torch,CIFAR10,l2,AdamW,CrossEntropy,3,29800,1.0,0.7448918223381042,348.3800332546234
torch,CIFAR10,l2,AdamW,CrossEntropy,3,29900,1.0,0.7458934187889099,349.5463354587555
torch,CIFAR10,l2,AdamW,CrossEntropy,3,30000,1.0,0.7468950152397156,350.5857079029083
torch,CIFAR10,l2,AdamW,CrossEntropy,1,0,0.0,0.10276442766189575,0.22250008583068848
torch,CIFAR10,l2,AdamW,CrossEntropy,1,5,0.1671875,0.10276442766189575,0.31822848320007324
