framework,task,K,grad_opt,proj_opt,loss,run,step,phase,val_acc,wall_time_s
hybrid_cnn,CIFAR10,50,Adam,ProjectionAdam,CrossEntropy,1,0,grad,0.10006009787321091,22.419581174850464
hybrid_cnn,CIFAR10,50,Adam,ProjectionAdam,CrossEntropy,1,50,proj,0.09925881773233414,24.075458765029907
hybrid_cnn,CIFAR10,50,Adam,ProjectionAdam,CrossEntropy,1,100,grad,0.2834535241127014,24.63479447364807
hybrid_cnn,CIFAR10,50,Adam,ProjectionAdam,CrossEntropy,1,150,proj,0.09985977411270142,25.188609838485718
hybrid_cnn,CIFAR10,50,Adam,ProjectionAdam,CrossEntropy,1,200,grad,0.19170673191547394,25.74552035331726
hybrid_cnn,CIFAR10,50,Adam,ProjectionAdam,CrossEntropy,1,250,proj,0.10016025602817535,26.29600214958191
hybrid_cnn,CIFAR10,50,Adam,ProjectionAdam,CrossEntropy,1,300,grad,0.10046073794364929,26.85559368133545
hybrid_cnn,CIFAR10,50,Adam,ProjectionAdam,CrossEntropy,1,350,proj,0.10016025602817535,27.406562089920044
hybrid_cnn,CIFAR10,50,Adam,ProjectionAdam,CrossEntropy,1,400,grad,0.13772036135196686,27.960049390792847
hybrid_cnn,CIFAR10,50,Adam,ProjectionAdam,CrossEntropy,1,450,proj,0.10016025602817535,28.509564638137817
hybrid_cnn,CIFAR10,50,Adam,ProjectionAdam,CrossEntropy,1,500,grad,0.09985977411270142,29.062952041625977
hybrid_cnn,CIFAR10,50,Adam,ProjectionAdam,CrossEntropy,1,550,proj,0.10006009787321091,29.61234140396118
hybrid_cnn,CIFAR10,50,Adam,ProjectionAdam,CrossEntropy,1,600,grad,0.0638020858168602,30.166627883911133
hybrid_cnn,CIFAR10,50,Adam,ProjectionAdam,CrossEntropy,1,650,proj,0.09995993971824646,30.715951919555664
hybrid_cnn,CIFAR10,50,Adam,ProjectionAdam,CrossEntropy,1,700,grad,0.06149839982390404,31.279300689697266
hybrid_cnn,CIFAR10,50,Adam,ProjectionAdam,CrossEntropy,1,750,proj,0.09995993971824646,31.82734751701355
hybrid_cnn,CIFAR10,50,Adam,ProjectionAdam,CrossEntropy,1,800,grad,0.08112981170415878,32.385377168655396
hybrid_cnn,CIFAR10,50,Adam,ProjectionAdam,CrossEntropy,1,850,proj,0.10016025602817535,32.93724465370178
hybrid_cnn,CIFAR10,50,Adam,ProjectionAdam,CrossEntropy,1,900,grad,0.04276842996478081,33.4906861782074
hybrid_cnn,CIFAR10,50,Adam,ProjectionAdam,CrossEntropy,1,950,proj,0.09995993971824646,34.03927946090698
hybrid_cnn,CIFAR10,50,Adam,ProjectionAdam,CrossEntropy,1,1000,grad,0.07391826808452606,34.59166383743286
hybrid_cnn,CIFAR10,50,Adam,ProjectionAdam,CrossEntropy,1,1050,proj,0.09995993971824646,35.14031910896301
hybrid_cnn,CIFAR10,50,Adam,ProjectionAdam,CrossEntropy,1,1100,grad,0.05498798191547394,35.69297480583191
hybrid_cnn,CIFAR10,50,Adam,ProjectionAdam,CrossEntropy,1,1150,proj,0.09995993971824646,36.24130129814148
hybrid_cnn,CIFAR10,50,Adam,ProjectionAdam,CrossEntropy,1,1200,grad,0.09485176205635071,36.79415559768677
hybrid_cnn,CIFAR10,50,Adam,ProjectionAdam,CrossEntropy,1,1250,proj,0.09985977411270142,37.343520402908325
hybrid_cnn,CIFAR10,50,Adam,ProjectionAdam,CrossEntropy,1,1300,grad,0.10256410390138626,37.89474034309387
hybrid_cnn,CIFAR10,50,Adam,ProjectionAdam,CrossEntropy,1,1350,proj,0.09985977411270142,38.44217777252197
hybrid_cnn,CIFAR10,50,Adam,ProjectionAdam,CrossEntropy,1,1400,grad,0.09975961595773697,38.99506998062134
hybrid_cnn,CIFAR10,50,Adam,ProjectionAdam,CrossEntropy,1,1450,proj,0.09985977411270142,39.54383873939514
hybrid_cnn,CIFAR10,50,Adam,ProjectionAdam,CrossEntropy,1,1500,grad,0.10016025602817535,40.096739530563354
hybrid_cnn,CIFAR10,50,Adam,ProjectionAdam,CrossEntropy,1,1550,proj,0.09985977411270142,40.64588236808777
hybrid_cnn,CIFAR10,50,Adam,ProjectionAdam,CrossEntropy,1,1600,grad,0.10016025602817535,41.19843769073486
hybrid_cnn,CIFAR10,50,Adam,ProjectionAdam,CrossEntropy,1,1650,proj,0.09985977411270142,41.748743772506714
hybrid_cnn,CIFAR10,50,Adam,ProjectionAdam,CrossEntropy,1,1700,grad,0.09985977411270142,42.29964733123779
hybrid_cnn,CIFAR10,50,Adam,ProjectionAdam,CrossEntropy,1,1750,proj,0.10016025602817535,42.848541021347046
hybrid_cnn,CIFAR10,50,Adam,ProjectionAdam,CrossEntropy,1,1800,grad,0.10006009787321091,43.40428590774536
hybrid_cnn,CIFAR10,50,Adam,ProjectionAdam,CrossEntropy,1,1850,proj,0.09995993971824646,43.95619583129883
hybrid_cnn,CIFAR10,50,Adam,ProjectionAdam,CrossEntropy,1,1900,grad,0.10016025602817535,44.511717319488525
hybrid_cnn,CIFAR10,50,Adam,ProjectionAdam,CrossEntropy,1,1950,proj,0.09985977411270142,45.062320709228516
hybrid_cnn,CIFAR10,50,Adam,ProjectionAdam,CrossEntropy,1,2000,grad,0.09985977411270142,45.61917567253113
hybrid_cnn,CIFAR10,50,Adam,ProjectionAdam,CrossEntropy,1,2050,proj,0.09985977411270142,46.17129373550415
hybrid_cnn,CIFAR10,50,Adam,ProjectionAdam,CrossEntropy,1,2100,grad,0.09985977411270142,46.72452902793884
hybrid_cnn,CIFAR10,50,Adam,ProjectionAdam,CrossEntropy,1,2150,proj,0.10016025602817535,47.27572154998779
hybrid_cnn,CIFAR10,50,Adam,ProjectionAdam,CrossEntropy,1,2200,grad,0.10016025602817535,47.83030104637146
hybrid_cnn,CIFAR10,50,Adam,ProjectionAdam,CrossEntropy,1,2250,proj,0.09995993971824646,48.37953305244446
hybrid_cnn,CIFAR10,50,Adam,ProjectionAdam,CrossEntropy,1,2300,grad,0.09995993971824646,48.93200325965881
hybrid_cnn,CIFAR10,50,Adam,ProjectionAdam,CrossEntropy,1,2350,proj,0.10016025602817535,49.48213505744934
hybrid_cnn,CIFAR10,50,Adam,ProjectionAdam,CrossEntropy,1,2400,grad,0.09985977411270142,50.0365526676178
hybrid_cnn,CIFAR10,50,Adam,ProjectionAdam,CrossEntropy,1,2450,proj,0.09985977411270142,50.58637452125549
hybrid_cnn,CIFAR10,50,Adam,ProjectionAdam,CrossEntropy,1,2500,grad,0.10006009787321091,51.14025592803955
hybrid_cnn,CIFAR10,50,Adam,ProjectionAdam,CrossEntropy,1,2550,proj,0.10016025602817535,51.691179513931274
hybrid_cnn,CIFAR10,50,Adam,ProjectionAdam,CrossEntropy,1,2600,grad,0.10016025602817535,52.24648356437683
hybrid_cnn,CIFAR10,50,Adam,ProjectionAdam,CrossEntropy,1,2650,proj,0.09985977411270142,52.79549217224121
hybrid_cnn,CIFAR10,50,Adam,ProjectionAdam,CrossEntropy,1,2700,grad,0.09985977411270142,53.35018563270569
hybrid_cnn,CIFAR10,50,Adam,ProjectionAdam,CrossEntropy,1,2750,proj,0.09985977411270142,53.89953303337097
hybrid_cnn,CIFAR10,50,Adam,ProjectionAdam,CrossEntropy,1,2800,grad,0.09985977411270142,54.45361137390137
hybrid_cnn,CIFAR10,50,Adam,ProjectionAdam,CrossEntropy,1,2850,proj,0.09985977411270142,55.00309729576111
hybrid_cnn,CIFAR10,50,Adam,ProjectionAdam,CrossEntropy,1,2900,grad,0.10006009787321091,55.55628848075867
hybrid_cnn,CIFAR10,50,Adam,ProjectionAdam,CrossEntropy,1,2950,proj,0.09985977411270142,56.106245279312134
hybrid_cnn,CIFAR10,50,Adam,ProjectionAdam,CrossEntropy,1,3000,grad,0.09985977411270142,56.657740116119385
hybrid_cnn,CIFAR10,50,Adam,ProjectionAdam,CrossEntropy,1,3050,proj,0.09985977411270142,57.20520615577698
hybrid_cnn,CIFAR10,50,Adam,ProjectionAdam,CrossEntropy,1,3100,grad,0.09985977411270142,57.75595450401306
hybrid_cnn,CIFAR10,50,Adam,ProjectionAdam,CrossEntropy,1,3150,proj,0.09985977411270142,58.304975748062134
hybrid_cnn,CIFAR10,50,Adam,ProjectionAdam,CrossEntropy,1,3200,grad,0.09985977411270142,58.860241651535034
hybrid_cnn,CIFAR10,50,Adam,ProjectionAdam,CrossEntropy,1,3250,proj,0.09995993971824646,59.40975308418274
hybrid_cnn,CIFAR10,50,Adam,ProjectionAdam,CrossEntropy,1,3300,grad,0.09985977411270142,59.9638249874115
hybrid_cnn,CIFAR10,50,Adam,ProjectionAdam,CrossEntropy,1,3350,proj,0.10016025602817535,60.51378560066223
hybrid_cnn,CIFAR10,50,Adam,ProjectionAdam,CrossEntropy,1,3400,grad,0.09985977411270142,61.06644105911255
hybrid_cnn,CIFAR10,50,Adam,ProjectionAdam,CrossEntropy,1,3450,proj,0.09985977411270142,61.61667990684509
hybrid_cnn,CIFAR10,50,Adam,ProjectionAdam,CrossEntropy,1,3500,grad,0.09985977411270142,62.16910243034363
hybrid_cnn,CIFAR10,50,Adam,ProjectionAdam,CrossEntropy,1,3550,proj,0.09985977411270142,62.719924211502075
hybrid_cnn,CIFAR10,50,Adam,ProjectionAdam,CrossEntropy,1,3600,grad,0.09985977411270142,63.27329206466675
hybrid_cnn,CIFAR10,50,Adam,ProjectionAdam,CrossEntropy,1,3650,proj,0.10016025602817535,63.823647260665894
hybrid_cnn,CIFAR10,50,Adam,ProjectionAdam,CrossEntropy,1,3700,grad,0.09985977411270142,64.37637829780579
hybrid_cnn,CIFAR10,50,Adam,ProjectionAdam,CrossEntropy,1,3750,proj,0.09995993971824646,64.92498326301575
hybrid_cnn,CIFAR10,50,Adam,ProjectionAdam,CrossEntropy,1,3800,grad,0.11738782376050949,65.47461724281311
hybrid_cnn,CIFAR10,50,Adam,ProjectionAdam,CrossEntropy,1,3850,proj,0.10006009787321091,66.02249073982239
hybrid_cnn,CIFAR10,50,Adam,ProjectionAdam,CrossEntropy,1,3900,grad,0.10016025602817535,66.57319021224976
hybrid_cnn,CIFAR10,50,Adam,ProjectionAdam,CrossEntropy,1,3950,proj,0.09985977411270142,67.12015008926392
hybrid_cnn,CIFAR10,50,Adam,ProjectionAdam,CrossEntropy,1,4000,grad,0.09985977411270142,67.67274904251099
hybrid_cnn,CIFAR10,50,Adam,ProjectionAdam,CrossEntropy,1,4050,proj,0.09985977411270142,68.2212781906128
hybrid_cnn,CIFAR10,50,Adam,ProjectionAdam,CrossEntropy,1,4100,grad,0.1080729216337204,68.77751922607422
hybrid_cnn,CIFAR10,50,Adam,ProjectionAdam,CrossEntropy,1,4150,proj,0.10006009787321091,69.33232617378235
hybrid_cnn,CIFAR10,50,Adam,ProjectionAdam,CrossEntropy,1,4200,grad,0.10016025602817535,69.88701915740967
hybrid_cnn,CIFAR10,50,Adam,ProjectionAdam,CrossEntropy,1,4250,proj,0.09985977411270142,70.44017887115479
hybrid_cnn,CIFAR10,50,Adam,ProjectionAdam,CrossEntropy,1,4300,grad,0.10016025602817535,70.99280071258545
hybrid_cnn,CIFAR10,50,Adam,ProjectionAdam,CrossEntropy,1,4350,proj,0.09995993971824646,71.54160928726196
hybrid_cnn,CIFAR10,50,Adam,ProjectionAdam,CrossEntropy,1,4400,grad,0.09985977411270142,72.0965633392334
hybrid_cnn,CIFAR10,50,Adam,ProjectionAdam,CrossEntropy,1,4450,proj,0.10006009787321091,72.64724063873291
hybrid_cnn,CIFAR10,50,Adam,ProjectionAdam,CrossEntropy,1,4500,grad,0.09985977411270142,73.20010042190552
hybrid_cnn,CIFAR10,50,Adam,ProjectionAdam,CrossEntropy,1,4550,proj,0.10006009787321091,73.75125646591187
hybrid_cnn,CIFAR10,50,Adam,ProjectionAdam,CrossEntropy,1,4600,grad,0.09995993971824646,74.30466055870056
hybrid_cnn,CIFAR10,50,Adam,ProjectionAdam,CrossEntropy,1,4650,proj,0.10006009787321091,74.85422778129578
hybrid_cnn,CIFAR10,50,Adam,ProjectionAdam,CrossEntropy,1,4700,grad,0.09985977411270142,75.40725994110107
hybrid_cnn,CIFAR10,50,Adam,ProjectionAdam,CrossEntropy,1,4750,proj,0.10006009787321091,75.97256255149841
hybrid_cnn,CIFAR10,50,Adam,ProjectionAdam,CrossEntropy,1,4800,grad,0.09985977411270142,76.52952480316162
hybrid_cnn,CIFAR10,50,Adam,ProjectionAdam,CrossEntropy,1,4850,proj,0.09985977411270142,77.0840048789978
hybrid_cnn,CIFAR10,50,Adam,ProjectionAdam,CrossEntropy,1,4900,grad,0.09985977411270142,77.64096975326538
hybrid_cnn,CIFAR10,50,Adam,ProjectionAdam,CrossEntropy,1,4950,proj,0.09985977411270142,78.19442820549011
hybrid_cnn,CIFAR10,50,Adam,ProjectionAdam,CrossEntropy,1,5000,grad,0.09985977411270142,78.75104236602783
hybrid_cnn,CIFAR10,50,Adam,ProjectionAdam,CrossEntropy,1,5050,proj,0.09985977411270142,79.30698609352112
hybrid_cnn,CIFAR10,50,Adam,ProjectionAdam,CrossEntropy,1,5100,grad,0.09985977411270142,79.86342740058899
hybrid_cnn,CIFAR10,50,Adam,ProjectionAdam,CrossEntropy,1,5150,proj,0.10016025602817535,80.42116951942444
hybrid_cnn,CIFAR10,50,Adam,ProjectionAdam,CrossEntropy,1,5200,grad,0.10016025602817535,80.97473812103271
hybrid_cnn,CIFAR10,50,Adam,ProjectionAdam,CrossEntropy,1,5250,proj,0.09985977411270142,81.52524280548096
hybrid_cnn,CIFAR10,50,Adam,ProjectionAdam,CrossEntropy,1,5300,grad,0.09985977411270142,82.07986187934875
hybrid_cnn,CIFAR10,50,Adam,ProjectionAdam,CrossEntropy,1,5350,proj,0.10006009787321091,82.63040781021118
hybrid_cnn,CIFAR10,50,Adam,ProjectionAdam,CrossEntropy,1,5400,grad,0.10006009787321091,83.1835548877716
hybrid_cnn,CIFAR10,50,Adam,ProjectionAdam,CrossEntropy,1,5450,proj,0.09985977411270142,83.74095320701599
hybrid_cnn,CIFAR10,50,Adam,ProjectionAdam,CrossEntropy,1,5500,grad,0.10006009787321091,84.30007815361023
hybrid_cnn,CIFAR10,50,Adam,ProjectionAdam,CrossEntropy,1,5550,proj,0.10006009787321091,84.856205701828
hybrid_cnn,CIFAR10,50,Adam,ProjectionAdam,CrossEntropy,1,5600,grad,0.09985977411270142,85.41804814338684
hybrid_cnn,CIFAR10,50,Adam,ProjectionAdam,CrossEntropy,1,5650,proj,0.10016025602817535,85.9762761592865
hybrid_cnn,CIFAR10,50,Adam,ProjectionAdam,CrossEntropy,1,5700,grad,0.09985977411270142,86.53961825370789
hybrid_cnn,CIFAR10,50,Adam,ProjectionAdam,CrossEntropy,1,5750,proj,0.09995993971824646,87.09474873542786
hybrid_cnn,CIFAR10,50,Adam,ProjectionAdam,CrossEntropy,1,5800,grad,0.10006009787321091,87.64724826812744
hybrid_cnn,CIFAR10,50,Adam,ProjectionAdam,CrossEntropy,1,5850,proj,0.10016025602817535,88.1959707736969
hybrid_cnn,CIFAR10,50,Adam,ProjectionAdam,CrossEntropy,1,5900,grad,0.10016025602817535,88.75131106376648
hybrid_cnn,CIFAR10,50,Adam,ProjectionAdam,CrossEntropy,1,5950,proj,0.09985977411270142,89.30290675163269
hybrid_cnn,CIFAR10,50,Adam,ProjectionAdam,CrossEntropy,1,6000,grad,0.10006009787321091,89.85608243942261
hybrid_cnn,CIFAR10,50,Adam,ProjectionAdam,CrossEntropy,1,6050,proj,0.09985977411270142,90.40565943717957
hybrid_cnn,CIFAR10,50,Adam,ProjectionAdam,CrossEntropy,1,6100,grad,0.10006009787321091,90.9582314491272
hybrid_cnn,CIFAR10,50,Adam,ProjectionAdam,CrossEntropy,1,6150,proj,0.09995993971824646,91.50711584091187
hybrid_cnn,CIFAR10,50,Adam,ProjectionAdam,CrossEntropy,1,6200,grad,0.09995993971824646,92.05904173851013
hybrid_cnn,CIFAR10,50,Adam,ProjectionAdam,CrossEntropy,1,6250,proj,0.09985977411270142,92.60889887809753
hybrid_cnn,CIFAR10,50,Adam,ProjectionAdam,CrossEntropy,1,6300,grad,0.09985977411270142,93.16200852394104
hybrid_cnn,CIFAR10,50,Adam,ProjectionAdam,CrossEntropy,1,6350,proj,0.10006009787321091,93.71065640449524
hybrid_cnn,CIFAR10,50,Adam,ProjectionAdam,CrossEntropy,1,6400,grad,0.09985977411270142,94.26247692108154
hybrid_cnn,CIFAR10,50,Adam,ProjectionAdam,CrossEntropy,1,6450,proj,0.10006009787321091,94.81197333335876
hybrid_cnn,CIFAR10,50,Adam,ProjectionAdam,CrossEntropy,1,6500,grad,0.09985977411270142,95.3649001121521
hybrid_cnn,CIFAR10,50,Adam,ProjectionAdam,CrossEntropy,1,6550,proj,0.09985977411270142,95.91391730308533
hybrid_cnn,CIFAR10,50,Adam,ProjectionAdam,CrossEntropy,1,6600,grad,0.10016025602817535,96.46727752685547
hybrid_cnn,CIFAR10,50,Adam,ProjectionAdam,CrossEntropy,1,6650,proj,0.09995993971824646,97.01688051223755
hybrid_cnn,CIFAR10,50,Adam,ProjectionAdam,CrossEntropy,1,6700,grad,0.09995993971824646,97.57015347480774
hybrid_cnn,CIFAR10,50,Adam,ProjectionAdam,CrossEntropy,1,6750,proj,0.10006009787321091,98.11840677261353
hybrid_cnn,CIFAR10,50,Adam,ProjectionAdam,CrossEntropy,1,6800,grad,0.10016025602817535,98.67007565498352
hybrid_cnn,CIFAR10,50,Adam,ProjectionAdam,CrossEntropy,1,6850,proj,0.09995993971824646,99.21775102615356
hybrid_cnn,CIFAR10,50,Adam,ProjectionAdam,CrossEntropy,1,6900,grad,0.10016025602817535,99.76808333396912
hybrid_cnn,CIFAR10,50,Adam,ProjectionAdam,CrossEntropy,1,6950,proj,0.10006009787321091,100.31533169746399
hybrid_cnn,CIFAR10,50,Adam,ProjectionAdam,CrossEntropy,1,7000,grad,0.09995993971824646,100.86949634552002
hybrid_cnn,CIFAR10,50,Adam,ProjectionAdam,CrossEntropy,1,7050,proj,0.10016025602817535,101.41826963424683
hybrid_cnn,CIFAR10,50,Adam,ProjectionAdam,CrossEntropy,1,7100,grad,0.10016025602817535,101.97298741340637
hybrid_cnn,CIFAR10,50,Adam,ProjectionAdam,CrossEntropy,1,7150,proj,0.10016025602817535,102.52420043945312
hybrid_cnn,CIFAR10,50,Adam,ProjectionAdam,CrossEntropy,1,7200,grad,0.10016025602817535,103.0822548866272
hybrid_cnn,CIFAR10,50,Adam,ProjectionAdam,CrossEntropy,1,7250,proj,0.09985977411270142,103.63303589820862
hybrid_cnn,CIFAR10,50,Adam,ProjectionAdam,CrossEntropy,1,7300,grad,0.07582131773233414,104.18615174293518
hybrid_cnn,CIFAR10,50,Adam,ProjectionAdam,CrossEntropy,1,7350,proj,0.10016025602817535,104.7366075515747
hybrid_cnn,CIFAR10,50,Adam,ProjectionAdam,CrossEntropy,1,7400,grad,0.10016025602817535,105.28782963752747
hybrid_cnn,CIFAR10,50,Adam,ProjectionAdam,CrossEntropy,1,7450,proj,0.09985977411270142,105.83764815330505
hybrid_cnn,CIFAR10,50,Adam,ProjectionAdam,CrossEntropy,1,7500,grad,0.10016025602817535,106.39046549797058
hybrid_cnn,CIFAR10,50,Adam,ProjectionAdam,CrossEntropy,1,7550,proj,0.10006009787321091,106.94013476371765
hybrid_cnn,CIFAR10,50,Adam,ProjectionAdam,CrossEntropy,1,7600,grad,0.10006009787321091,107.49479174613953
hybrid_cnn,CIFAR10,50,Adam,ProjectionAdam,CrossEntropy,1,7650,proj,0.09995993971824646,108.04454374313354
hybrid_cnn,CIFAR10,50,Adam,ProjectionAdam,CrossEntropy,1,7700,grad,0.09995993971824646,108.59847164154053
hybrid_cnn,CIFAR10,50,Adam,ProjectionAdam,CrossEntropy,1,7750,proj,0.09995993971824646,109.14756751060486
hybrid_cnn,CIFAR10,50,Adam,ProjectionAdam,CrossEntropy,1,7800,grad,0.09995993971824646,109.69977331161499
hybrid_cnn,CIFAR10,50,Adam,ProjectionAdam,CrossEntropy,1,7850,proj,0.09995993971824646,110.24933505058289
hybrid_cnn,CIFAR10,50,Adam,ProjectionAdam,CrossEntropy,1,7900,grad,0.09985977411270142,110.80242109298706
hybrid_cnn,CIFAR10,50,Adam,ProjectionAdam,CrossEntropy,1,7950,proj,0.09985977411270142,111.35119605064392
hybrid_cnn,CIFAR10,50,Adam,ProjectionAdam,CrossEntropy,1,8000,grad,0.09985977411270142,111.90508341789246
hybrid_cnn,CIFAR10,50,Adam,ProjectionAdam,CrossEntropy,1,8050,proj,0.10006009787321091,112.45481967926025
hybrid_cnn,CIFAR10,50,Adam,ProjectionAdam,CrossEntropy,1,8100,grad,0.10006009787321091,113.0071632862091
hybrid_cnn,CIFAR10,50,Adam,ProjectionAdam,CrossEntropy,1,8150,proj,0.10016025602817535,113.55513906478882
hybrid_cnn,CIFAR10,50,Adam,ProjectionAdam,CrossEntropy,1,8200,grad,0.10226362198591232,114.10865235328674
hybrid_cnn,CIFAR10,50,Adam,ProjectionAdam,CrossEntropy,1,8250,proj,0.09985977411270142,114.65775513648987
hybrid_cnn,CIFAR10,50,Adam,ProjectionAdam,CrossEntropy,1,8300,grad,0.10016025602817535,115.2099244594574
hybrid_cnn,CIFAR10,50,Adam,ProjectionAdam,CrossEntropy,1,8350,proj,0.09985977411270142,115.75853848457336
hybrid_cnn,CIFAR10,50,Adam,ProjectionAdam,CrossEntropy,1,8400,grad,0.09985977411270142,116.30984091758728
hybrid_cnn,CIFAR10,50,Adam,ProjectionAdam,CrossEntropy,1,8450,proj,0.10016025602817535,116.85957336425781
hybrid_cnn,CIFAR10,50,Adam,ProjectionAdam,CrossEntropy,1,8500,grad,0.10016025602817535,117.41010570526123
hybrid_cnn,CIFAR10,50,Adam,ProjectionAdam,CrossEntropy,1,8550,proj,0.09995993971824646,117.95794415473938
hybrid_cnn,CIFAR10,50,Adam,ProjectionAdam,CrossEntropy,1,8600,grad,0.10016025602817535,118.50992035865784
hybrid_cnn,CIFAR10,50,Adam,ProjectionAdam,CrossEntropy,1,8650,proj,0.10006009787321091,119.05916905403137
hybrid_cnn,CIFAR10,50,Adam,ProjectionAdam,CrossEntropy,1,8700,grad,0.09985977411270142,119.61162829399109
hybrid_cnn,CIFAR10,50,Adam,ProjectionAdam,CrossEntropy,1,8750,proj,0.09985977411270142,120.15985679626465
hybrid_cnn,CIFAR10,50,Adam,ProjectionAdam,CrossEntropy,1,8800,grad,0.09985977411270142,120.71324491500854
hybrid_cnn,CIFAR10,50,Adam,ProjectionAdam,CrossEntropy,1,8850,proj,0.10006009787321091,121.26118993759155
hybrid_cnn,CIFAR10,50,Adam,ProjectionAdam,CrossEntropy,1,8900,grad,0.10006009787321091,121.81209349632263
hybrid_cnn,CIFAR10,50,Adam,ProjectionAdam,CrossEntropy,1,8950,proj,0.10006009787321091,122.35925841331482
hybrid_cnn,CIFAR10,50,Adam,ProjectionAdam,CrossEntropy,1,9000,grad,0.10006009787321091,122.91017651557922
hybrid_cnn,CIFAR10,50,Adam,ProjectionAdam,CrossEntropy,1,9050,proj,0.10006009787321091,123.45770287513733
hybrid_cnn,CIFAR10,50,Adam,ProjectionAdam,CrossEntropy,1,9100,grad,0.10016025602817535,124.00891876220703
hybrid_cnn,CIFAR10,50,Adam,ProjectionAdam,CrossEntropy,1,9150,proj,0.09985977411270142,124.55600953102112
hybrid_cnn,CIFAR10,50,Adam,ProjectionAdam,CrossEntropy,1,9200,grad,0.09985977411270142,125.10736012458801
hybrid_cnn,CIFAR10,50,Adam,ProjectionAdam,CrossEntropy,1,9250,proj,0.09985977411270142,125.65715026855469
hybrid_cnn,CIFAR10,50,Adam,ProjectionAdam,CrossEntropy,1,9300,grad,0.09985977411270142,126.2089638710022
hybrid_cnn,CIFAR10,50,Adam,ProjectionAdam,CrossEntropy,1,9350,proj,0.10016025602817535,126.75963187217712
hybrid_cnn,CIFAR10,50,Adam,ProjectionAdam,CrossEntropy,1,9400,grad,0.12319711595773697,127.31320858001709
hybrid_cnn,CIFAR10,50,Adam,ProjectionAdam,CrossEntropy,1,9450,proj,0.09985977411270142,127.86302161216736
hybrid_cnn,CIFAR10,50,Adam,ProjectionAdam,CrossEntropy,1,9500,grad,0.09985977411270142,128.41640663146973
hybrid_cnn,CIFAR10,50,Adam,ProjectionAdam,CrossEntropy,1,9550,proj,0.09985977411270142,128.96745109558105
hybrid_cnn,CIFAR10,50,Adam,ProjectionAdam,CrossEntropy,1,9600,grad,0.09985977411270142,129.52156972885132
hybrid_cnn,CIFAR10,50,Adam,ProjectionAdam,CrossEntropy,1,9650,proj,0.09985977411270142,130.07066345214844
hybrid_cnn,CIFAR10,50,Adam,ProjectionAdam,CrossEntropy,1,9700,grad,0.09985977411270142,130.62472581863403
hybrid_cnn,CIFAR10,50,Adam,ProjectionAdam,CrossEntropy,1,9750,proj,0.10016025602817535,131.1752896308899
hybrid_cnn,CIFAR10,50,Adam,ProjectionAdam,CrossEntropy,1,9800,grad,0.10016025602817535,131.72900581359863
hybrid_cnn,CIFAR10,50,Adam,ProjectionAdam,CrossEntropy,1,9850,proj,0.10016025602817535,132.27842903137207
hybrid_cnn,CIFAR10,50,Adam,ProjectionAdam,CrossEntropy,1,9900,grad,0.10016025602817535,132.8313274383545
hybrid_cnn,CIFAR10,50,Adam,ProjectionAdam,CrossEntropy,1,9950,proj,0.10006009787321091,133.38005208969116
hybrid_cnn,CIFAR10,50,Adam,ProjectionAdam,CrossEntropy,1,9999,test,0.2834535241127014,133.71757578849792
hybrid_cnn,CIFAR10,50,Adam,ProjectionAdam,CrossEntropy,2,0,grad,0.09154647588729858,0.23333168029785156
hybrid_cnn,CIFAR10,50,Adam,ProjectionAdam,CrossEntropy,2,50,proj,0.10496795177459717,0.7883069515228271
hybrid_cnn,CIFAR10,50,Adam,ProjectionAdam,CrossEntropy,2,100,grad,0.25661057233810425,1.3437559604644775
hybrid_cnn,CIFAR10,50,Adam,ProjectionAdam,CrossEntropy,2,150,proj,0.09985977411270142,1.8950881958007812
hybrid_cnn,CIFAR10,50,Adam,ProjectionAdam,CrossEntropy,2,200,grad,0.1666666716337204,2.449159860610962
hybrid_cnn,CIFAR10,50,Adam,ProjectionAdam,CrossEntropy,2,250,proj,0.1013621836900711,2.99951171875
hybrid_cnn,CIFAR10,50,Adam,ProjectionAdam,CrossEntropy,2,300,grad,0.1013621836900711,3.553539991378784
hybrid_cnn,CIFAR10,50,Adam,ProjectionAdam,CrossEntropy,2,350,proj,0.09995993971824646,4.101889610290527
hybrid_cnn,CIFAR10,50,Adam,ProjectionAdam,CrossEntropy,2,400,grad,0.11608573794364929,4.656994104385376
hybrid_cnn,CIFAR10,50,Adam,ProjectionAdam,CrossEntropy,2,450,proj,0.10857371985912323,5.206437587738037
hybrid_cnn,CIFAR10,50,Adam,ProjectionAdam,CrossEntropy,2,500,grad,0.09535256773233414,5.760103464126587
hybrid_cnn,CIFAR10,50,Adam,ProjectionAdam,CrossEntropy,2,550,proj,0.09985977411270142,6.308940410614014
hybrid_cnn,CIFAR10,50,Adam,ProjectionAdam,CrossEntropy,2,600,grad,0.06931089609861374,6.862447500228882
hybrid_cnn,CIFAR10,50,Adam,ProjectionAdam,CrossEntropy,2,650,proj,0.09985977411270142,7.4120025634765625
hybrid_cnn,CIFAR10,50,Adam,ProjectionAdam,CrossEntropy,2,700,grad,0.052483975887298584,7.965543746948242
hybrid_cnn,CIFAR10,50,Adam,ProjectionAdam,CrossEntropy,2,750,proj,0.10006009787321091,8.515888214111328
hybrid_cnn,CIFAR10,50,Adam,ProjectionAdam,CrossEntropy,2,800,grad,0.11969150602817535,9.072856903076172
hybrid_cnn,CIFAR10,50,Adam,ProjectionAdam,CrossEntropy,2,850,proj,0.10006009787321091,9.623738050460815
hybrid_cnn,CIFAR10,50,Adam,ProjectionAdam,CrossEntropy,2,900,grad,0.05488782003521919,10.175681829452515
hybrid_cnn,CIFAR10,50,Adam,ProjectionAdam,CrossEntropy,2,950,proj,0.09985977411270142,10.726460456848145
hybrid_cnn,CIFAR10,50,Adam,ProjectionAdam,CrossEntropy,2,1000,grad,0.06630609184503555,11.279167890548706
hybrid_cnn,CIFAR10,50,Adam,ProjectionAdam,CrossEntropy,2,1050,proj,0.09985977411270142,11.828587055206299
hybrid_cnn,CIFAR10,50,Adam,ProjectionAdam,CrossEntropy,2,1100,grad,0.09985977411270142,12.381816864013672
hybrid_cnn,CIFAR10,50,Adam,ProjectionAdam,CrossEntropy,2,1150,proj,0.09985977411270142,12.93218994140625
hybrid_cnn,CIFAR10,50,Adam,ProjectionAdam,CrossEntropy,2,1200,grad,0.09024439007043839,13.485124349594116
hybrid_cnn,CIFAR10,50,Adam,ProjectionAdam,CrossEntropy,2,1250,proj,0.10006009787321091,14.032989263534546
hybrid_cnn,CIFAR10,50,Adam,ProjectionAdam,CrossEntropy,2,1300,grad,0.10016025602817535,14.584283590316772
hybrid_cnn,CIFAR10,50,Adam,ProjectionAdam,CrossEntropy,2,1350,proj,0.09985977411270142,15.132405996322632
hybrid_cnn,CIFAR10,50,Adam,ProjectionAdam,CrossEntropy,2,1400,grad,0.07962740212678909,15.683796405792236
hybrid_cnn,CIFAR10,50,Adam,ProjectionAdam,CrossEntropy,2,1450,proj,0.10016025602817535,16.230978965759277
hybrid_cnn,CIFAR10,50,Adam,ProjectionAdam,CrossEntropy,2,1500,grad,0.10406650602817535,16.78267526626587
hybrid_cnn,CIFAR10,50,Adam,ProjectionAdam,CrossEntropy,2,1550,proj,0.10016025602817535,17.33003878593445
hybrid_cnn,CIFAR10,50,Adam,ProjectionAdam,CrossEntropy,2,1600,grad,0.10006009787321091,17.88179302215576
hybrid_cnn,CIFAR10,50,Adam,ProjectionAdam,CrossEntropy,2,1650,proj,0.10016025602817535,18.428507566452026
hybrid_cnn,CIFAR10,50,Adam,ProjectionAdam,CrossEntropy,2,1700,grad,0.08844150602817535,18.98037362098694
hybrid_cnn,CIFAR10,50,Adam,ProjectionAdam,CrossEntropy,2,1750,proj,0.10006009787321091,19.53461456298828
hybrid_cnn,CIFAR10,50,Adam,ProjectionAdam,CrossEntropy,2,1800,grad,0.08293269574642181,20.08852744102478
hybrid_cnn,CIFAR10,50,Adam,ProjectionAdam,CrossEntropy,2,1850,proj,0.10006009787321091,20.637353658676147
hybrid_cnn,CIFAR10,50,Adam,ProjectionAdam,CrossEntropy,2,1900,grad,0.09985977411270142,21.19183850288391
hybrid_cnn,CIFAR10,50,Adam,ProjectionAdam,CrossEntropy,2,1950,proj,0.09985977411270142,21.7418110370636
hybrid_cnn,CIFAR10,50,Adam,ProjectionAdam,CrossEntropy,2,2000,grad,0.10006009787321091,22.2931387424469
hybrid_cnn,CIFAR10,50,Adam,ProjectionAdam,CrossEntropy,2,2050,proj,0.10006009787321091,22.84667134284973
hybrid_cnn,CIFAR10,50,Adam,ProjectionAdam,CrossEntropy,2,2100,grad,0.09985977411270142,23.400776624679565
hybrid_cnn,CIFAR10,50,Adam,ProjectionAdam,CrossEntropy,2,2150,proj,0.10006009787321091,23.95204257965088
hybrid_cnn,CIFAR10,50,Adam,ProjectionAdam,CrossEntropy,2,2200,grad,0.10016025602817535,24.511603355407715
hybrid_cnn,CIFAR10,50,Adam,ProjectionAdam,CrossEntropy,2,2250,proj,0.09985977411270142,25.063451051712036
hybrid_cnn,CIFAR10,50,Adam,ProjectionAdam,CrossEntropy,2,2300,grad,0.09985977411270142,25.61810874938965
hybrid_cnn,CIFAR10,50,Adam,ProjectionAdam,CrossEntropy,2,2350,proj,0.10006009787321091,26.168848514556885
hybrid_cnn,CIFAR10,50,Adam,ProjectionAdam,CrossEntropy,2,2400,grad,0.09995993971824646,26.724159955978394
hybrid_cnn,CIFAR10,50,Adam,ProjectionAdam,CrossEntropy,2,2450,proj,0.10006009787321091,27.274852752685547
hybrid_cnn,CIFAR10,50,Adam,ProjectionAdam,CrossEntropy,2,2500,grad,0.09985977411270142,27.82853603363037
hybrid_cnn,CIFAR10,50,Adam,ProjectionAdam,CrossEntropy,2,2550,proj,0.09995993971824646,28.380417108535767
hybrid_cnn,CIFAR10,50,Adam,ProjectionAdam,CrossEntropy,2,2600,grad,0.09985977411270142,28.935625791549683
hybrid_cnn,CIFAR10,50,Adam,ProjectionAdam,CrossEntropy,2,2650,proj,0.09985977411270142,29.487562656402588
hybrid_cnn,CIFAR10,50,Adam,ProjectionAdam,CrossEntropy,2,2700,grad,0.09985977411270142,30.04349160194397
hybrid_cnn,CIFAR10,50,Adam,ProjectionAdam,CrossEntropy,2,2750,proj,0.10016025602817535,30.594924926757812
hybrid_cnn,CIFAR10,50,Adam,ProjectionAdam,CrossEntropy,2,2800,grad,0.10016025602817535,31.14983558654785
hybrid_cnn,CIFAR10,50,Adam,ProjectionAdam,CrossEntropy,2,2850,proj,0.10016025602817535,31.70022988319397
hybrid_cnn,CIFAR10,50,Adam,ProjectionAdam,CrossEntropy,2,2900,grad,0.09995993971824646,32.25362753868103
hybrid_cnn,CIFAR10,50,Adam,ProjectionAdam,CrossEntropy,2,2950,proj,0.10016025602817535,32.804848194122314
hybrid_cnn,CIFAR10,50,Adam,ProjectionAdam,CrossEntropy,2,3000,grad,0.0974559336900711,33.35898208618164
hybrid_cnn,CIFAR10,50,Adam,ProjectionAdam,CrossEntropy,2,3050,proj,0.10006009787321091,33.90843176841736
hybrid_cnn,CIFAR10,50,Adam,ProjectionAdam,CrossEntropy,2,3100,grad,0.10016025602817535,34.460814476013184
hybrid_cnn,CIFAR10,50,Adam,ProjectionAdam,CrossEntropy,2,3150,proj,0.10016025602817535,35.010886430740356
hybrid_cnn,CIFAR10,50,Adam,ProjectionAdam,CrossEntropy,2,3200,grad,0.09985977411270142,35.56463932991028
hybrid_cnn,CIFAR10,50,Adam,ProjectionAdam,CrossEntropy,2,3250,proj,0.10006009787321091,36.11375641822815
hybrid_cnn,CIFAR10,50,Adam,ProjectionAdam,CrossEntropy,2,3300,grad,0.09985977411270142,36.66602396965027
hybrid_cnn,CIFAR10,50,Adam,ProjectionAdam,CrossEntropy,2,3350,proj,0.10006009787321091,37.21803951263428
hybrid_cnn,CIFAR10,50,Adam,ProjectionAdam,CrossEntropy,2,3400,grad,0.10016025602817535,37.77245879173279
hybrid_cnn,CIFAR10,50,Adam,ProjectionAdam,CrossEntropy,2,3450,proj,0.09985977411270142,38.32262325286865
hybrid_cnn,CIFAR10,50,Adam,ProjectionAdam,CrossEntropy,2,3500,grad,0.09985977411270142,38.876965284347534
hybrid_cnn,CIFAR10,50,Adam,ProjectionAdam,CrossEntropy,2,3550,proj,0.10016025602817535,39.42735004425049
hybrid_cnn,CIFAR10,50,Adam,ProjectionAdam,CrossEntropy,2,3600,grad,0.10016025602817535,39.98116111755371
hybrid_cnn,CIFAR10,50,Adam,ProjectionAdam,CrossEntropy,2,3650,proj,0.09985977411270142,40.531715393066406
hybrid_cnn,CIFAR10,50,Adam,ProjectionAdam,CrossEntropy,2,3700,grad,0.09985977411270142,41.085837602615356
hybrid_cnn,CIFAR10,50,Adam,ProjectionAdam,CrossEntropy,2,3750,proj,0.10006009787321091,41.635767221450806
hybrid_cnn,CIFAR10,50,Adam,ProjectionAdam,CrossEntropy,2,3800,grad,0.10006009787321091,42.1897931098938
hybrid_cnn,CIFAR10,50,Adam,ProjectionAdam,CrossEntropy,2,3850,proj,0.09985977411270142,42.73873257637024
hybrid_cnn,CIFAR10,50,Adam,ProjectionAdam,CrossEntropy,2,3900,grad,0.09985977411270142,43.29377722740173
hybrid_cnn,CIFAR10,50,Adam,ProjectionAdam,CrossEntropy,2,3950,proj,0.10016025602817535,43.84414744377136
hybrid_cnn,CIFAR10,50,Adam,ProjectionAdam,CrossEntropy,2,4000,grad,0.10006009787321091,44.398027181625366
hybrid_cnn,CIFAR10,50,Adam,ProjectionAdam,CrossEntropy,2,4050,proj,0.10006009787321091,44.95040273666382
hybrid_cnn,CIFAR10,50,Adam,ProjectionAdam,CrossEntropy,2,4100,grad,0.10006009787321091,45.50418305397034
hybrid_cnn,CIFAR10,50,Adam,ProjectionAdam,CrossEntropy,2,4150,proj,0.10006009787321091,46.05286979675293
hybrid_cnn,CIFAR10,50,Adam,ProjectionAdam,CrossEntropy,2,4200,grad,0.09985977411270142,46.60489344596863
hybrid_cnn,CIFAR10,50,Adam,ProjectionAdam,CrossEntropy,2,4250,proj,0.09985977411270142,47.153661251068115
hybrid_cnn,CIFAR10,50,Adam,ProjectionAdam,CrossEntropy,2,4300,grad,0.09985977411270142,47.706785917282104
hybrid_cnn,CIFAR10,50,Adam,ProjectionAdam,CrossEntropy,2,4350,proj,0.10016025602817535,48.255799293518066
hybrid_cnn,CIFAR10,50,Adam,ProjectionAdam,CrossEntropy,2,4400,grad,0.10016025602817535,48.808948040008545
hybrid_cnn,CIFAR10,50,Adam,ProjectionAdam,CrossEntropy,2,4450,proj,0.10016025602817535,49.36048674583435
hybrid_cnn,CIFAR10,50,Adam,ProjectionAdam,CrossEntropy,2,4500,grad,0.10006009787321091,49.91360378265381
hybrid_cnn,CIFAR10,50,Adam,ProjectionAdam,CrossEntropy,2,4550,proj,0.10016025602817535,50.46341586112976
hybrid_cnn,CIFAR10,50,Adam,ProjectionAdam,CrossEntropy,2,4600,grad,0.10016025602817535,51.01650094985962
hybrid_cnn,CIFAR10,50,Adam,ProjectionAdam,CrossEntropy,2,4650,proj,0.10016025602817535,51.565364360809326
hybrid_cnn,CIFAR10,50,Adam,ProjectionAdam,CrossEntropy,2,4700,grad,0.10006009787321091,52.116668701171875
hybrid_cnn,CIFAR10,50,Adam,ProjectionAdam,CrossEntropy,2,4750,proj,0.10016025602817535,52.6647686958313
hybrid_cnn,CIFAR10,50,Adam,ProjectionAdam,CrossEntropy,2,4800,grad,0.10016025602817535,53.216530561447144
hybrid_cnn,CIFAR10,50,Adam,ProjectionAdam,CrossEntropy,2,4850,proj,0.10016025602817535,53.76432013511658
hybrid_cnn,CIFAR10,50,Adam,ProjectionAdam,CrossEntropy,2,4900,grad,0.10016025602817535,54.31617307662964
hybrid_cnn,CIFAR10,50,Adam,ProjectionAdam,CrossEntropy,2,4950,proj,0.09985977411270142,54.86529302597046
hybrid_cnn,CIFAR10,50,Adam,ProjectionAdam,CrossEntropy,2,5000,grad,0.10006009787321091,55.41818952560425
hybrid_cnn,CIFAR10,50,Adam,ProjectionAdam,CrossEntropy,2,5050,proj,0.09985977411270142,55.966718435287476
hybrid_cnn,CIFAR10,50,Adam,ProjectionAdam,CrossEntropy,2,5100,grad,0.09985977411270142,56.52009153366089
hybrid_cnn,CIFAR10,50,Adam,ProjectionAdam,CrossEntropy,2,5150,proj,0.09985977411270142,57.06970286369324
hybrid_cnn,CIFAR10,50,Adam,ProjectionAdam,CrossEntropy,2,5200,grad,0.09985977411270142,57.62213063240051
hybrid_cnn,CIFAR10,50,Adam,ProjectionAdam,CrossEntropy,2,5250,proj,0.09995993971824646,58.17007327079773
hybrid_cnn,CIFAR10,50,Adam,ProjectionAdam,CrossEntropy,2,5300,grad,0.09995993971824646,58.72303557395935
hybrid_cnn,CIFAR10,50,Adam,ProjectionAdam,CrossEntropy,2,5350,proj,0.09995993971824646,59.27107286453247
hybrid_cnn,CIFAR10,50,Adam,ProjectionAdam,CrossEntropy,2,5400,grad,0.10016025602817535,59.82294249534607
hybrid_cnn,CIFAR10,50,Adam,ProjectionAdam,CrossEntropy,2,5450,proj,0.10006009787321091,60.370951414108276
hybrid_cnn,CIFAR10,50,Adam,ProjectionAdam,CrossEntropy,2,5500,grad,0.10016025602817535,60.924678325653076
hybrid_cnn,CIFAR10,50,Adam,ProjectionAdam,CrossEntropy,2,5550,proj,0.10016025602817535,61.473599910736084
hybrid_cnn,CIFAR10,50,Adam,ProjectionAdam,CrossEntropy,2,5600,grad,0.10016025602817535,62.0255184173584
hybrid_cnn,CIFAR10,50,Adam,ProjectionAdam,CrossEntropy,2,5650,proj,0.10016025602817535,62.57229733467102
hybrid_cnn,CIFAR10,50,Adam,ProjectionAdam,CrossEntropy,2,5700,grad,0.10016025602817535,63.12327170372009
hybrid_cnn,CIFAR10,50,Adam,ProjectionAdam,CrossEntropy,2,5750,proj,0.10006009787321091,63.6725115776062
hybrid_cnn,CIFAR10,50,Adam,ProjectionAdam,CrossEntropy,2,5800,grad,0.10016025602817535,64.22501802444458
hybrid_cnn,CIFAR10,50,Adam,ProjectionAdam,CrossEntropy,2,5850,proj,0.10006009787321091,64.7739737033844
hybrid_cnn,CIFAR10,50,Adam,ProjectionAdam,CrossEntropy,2,5900,grad,0.10006009787321091,65.3260326385498
hybrid_cnn,CIFAR10,50,Adam,ProjectionAdam,CrossEntropy,2,5950,proj,0.10016025602817535,65.87315368652344
hybrid_cnn,CIFAR10,50,Adam,ProjectionAdam,CrossEntropy,2,6000,grad,0.09985977411270142,66.42415571212769
hybrid_cnn,CIFAR10,50,Adam,ProjectionAdam,CrossEntropy,2,6050,proj,0.09985977411270142,66.97290873527527
hybrid_cnn,CIFAR10,50,Adam,ProjectionAdam,CrossEntropy,2,6100,grad,0.09985977411270142,67.52482438087463
hybrid_cnn,CIFAR10,50,Adam,ProjectionAdam,CrossEntropy,2,6150,proj,0.10006009787321091,68.07204174995422
hybrid_cnn,CIFAR10,50,Adam,ProjectionAdam,CrossEntropy,2,6200,grad,0.10006009787321091,68.62286257743835
hybrid_cnn,CIFAR10,50,Adam,ProjectionAdam,CrossEntropy,2,6250,proj,0.10006009787321091,69.17068243026733
hybrid_cnn,CIFAR10,50,Adam,ProjectionAdam,CrossEntropy,2,6300,grad,0.10006009787321091,69.7232232093811
hybrid_cnn,CIFAR10,50,Adam,ProjectionAdam,CrossEntropy,2,6350,proj,0.10006009787321091,70.26987195014954
hybrid_cnn,CIFAR10,50,Adam,ProjectionAdam,CrossEntropy,2,6400,grad,0.10006009787321091,70.8199565410614
hybrid_cnn,CIFAR10,50,Adam,ProjectionAdam,CrossEntropy,2,6450,proj,0.10006009787321091,71.3669364452362
hybrid_cnn,CIFAR10,50,Adam,ProjectionAdam,CrossEntropy,2,6500,grad,0.10006009787321091,71.91967940330505
hybrid_cnn,CIFAR10,50,Adam,ProjectionAdam,CrossEntropy,2,6550,proj,0.09985977411270142,72.46655178070068
hybrid_cnn,CIFAR10,50,Adam,ProjectionAdam,CrossEntropy,2,6600,grad,0.09985977411270142,73.01711368560791
hybrid_cnn,CIFAR10,50,Adam,ProjectionAdam,CrossEntropy,2,6650,proj,0.10016025602817535,73.56623125076294
hybrid_cnn,CIFAR10,50,Adam,ProjectionAdam,CrossEntropy,2,6700,grad,0.10016025602817535,74.11805367469788
hybrid_cnn,CIFAR10,50,Adam,ProjectionAdam,CrossEntropy,2,6750,proj,0.10016025602817535,74.66669821739197
hybrid_cnn,CIFAR10,50,Adam,ProjectionAdam,CrossEntropy,2,6800,grad,0.09985977411270142,75.21871757507324
hybrid_cnn,CIFAR10,50,Adam,ProjectionAdam,CrossEntropy,2,6850,proj,0.10016025602817535,75.76765942573547
hybrid_cnn,CIFAR10,50,Adam,ProjectionAdam,CrossEntropy,2,6900,grad,0.09985977411270142,76.31865215301514
hybrid_cnn,CIFAR10,50,Adam,ProjectionAdam,CrossEntropy,2,6950,proj,0.09985977411270142,76.86608552932739
hybrid_cnn,CIFAR10,50,Adam,ProjectionAdam,CrossEntropy,2,7000,grad,0.09985977411270142,77.41733050346375
hybrid_cnn,CIFAR10,50,Adam,ProjectionAdam,CrossEntropy,2,7050,proj,0.09985977411270142,77.96558117866516
hybrid_cnn,CIFAR10,50,Adam,ProjectionAdam,CrossEntropy,2,7100,grad,0.10016025602817535,78.51667904853821
hybrid_cnn,CIFAR10,50,Adam,ProjectionAdam,CrossEntropy,2,7150,proj,0.09985977411270142,79.06418204307556
hybrid_cnn,CIFAR10,50,Adam,ProjectionAdam,CrossEntropy,2,7200,grad,0.10046073794364929,79.61697840690613
hybrid_cnn,CIFAR10,50,Adam,ProjectionAdam,CrossEntropy,2,7250,proj,0.10016025602817535,80.16496300697327
hybrid_cnn,CIFAR10,50,Adam,ProjectionAdam,CrossEntropy,2,7300,grad,0.10016025602817535,80.71671772003174
hybrid_cnn,CIFAR10,50,Adam,ProjectionAdam,CrossEntropy,2,7350,proj,0.10006009787321091,81.26441240310669
hybrid_cnn,CIFAR10,50,Adam,ProjectionAdam,CrossEntropy,2,7400,grad,0.09995993971824646,81.81587791442871
hybrid_cnn,CIFAR10,50,Adam,ProjectionAdam,CrossEntropy,2,7450,proj,0.09985977411270142,82.36273670196533
hybrid_cnn,CIFAR10,50,Adam,ProjectionAdam,CrossEntropy,2,7500,grad,0.09985977411270142,82.91392970085144
hybrid_cnn,CIFAR10,50,Adam,ProjectionAdam,CrossEntropy,2,7550,proj,0.09985977411270142,83.46134185791016
hybrid_cnn,CIFAR10,50,Adam,ProjectionAdam,CrossEntropy,2,7600,grad,0.09985977411270142,84.01308679580688
hybrid_cnn,CIFAR10,50,Adam,ProjectionAdam,CrossEntropy,2,7650,proj,0.10016025602817535,84.56148838996887
hybrid_cnn,CIFAR10,50,Adam,ProjectionAdam,CrossEntropy,2,7700,grad,0.10016025602817535,85.11204242706299
hybrid_cnn,CIFAR10,50,Adam,ProjectionAdam,CrossEntropy,2,7750,proj,0.09995993971824646,85.6600604057312
hybrid_cnn,CIFAR10,50,Adam,ProjectionAdam,CrossEntropy,2,7800,grad,0.09995993971824646,86.21053457260132
hybrid_cnn,CIFAR10,50,Adam,ProjectionAdam,CrossEntropy,2,7850,proj,0.09985977411270142,86.75929474830627
hybrid_cnn,CIFAR10,50,Adam,ProjectionAdam,CrossEntropy,2,7900,grad,0.09985977411270142,87.3092303276062
hybrid_cnn,CIFAR10,50,Adam,ProjectionAdam,CrossEntropy,2,7950,proj,0.09985977411270142,87.85669541358948
hybrid_cnn,CIFAR10,50,Adam,ProjectionAdam,CrossEntropy,2,8000,grad,0.09985977411270142,88.40694975852966
hybrid_cnn,CIFAR10,50,Adam,ProjectionAdam,CrossEntropy,2,8050,proj,0.09985977411270142,88.95355200767517
hybrid_cnn,CIFAR10,50,Adam,ProjectionAdam,CrossEntropy,2,8100,grad,0.09985977411270142,89.50715756416321
hybrid_cnn,CIFAR10,50,Adam,ProjectionAdam,CrossEntropy,2,8150,proj,0.09985977411270142,90.05578088760376
hybrid_cnn,CIFAR10,50,Adam,ProjectionAdam,CrossEntropy,2,8200,grad,0.09985977411270142,90.60835599899292
hybrid_cnn,CIFAR10,50,Adam,ProjectionAdam,CrossEntropy,2,8250,proj,0.10016025602817535,91.15625667572021
hybrid_cnn,CIFAR10,50,Adam,ProjectionAdam,CrossEntropy,2,8300,grad,0.10016025602817535,91.70876288414001
hybrid_cnn,CIFAR10,50,Adam,ProjectionAdam,CrossEntropy,2,8350,proj,0.10016025602817535,92.25641703605652
hybrid_cnn,CIFAR10,50,Adam,ProjectionAdam,CrossEntropy,2,8400,grad,0.09985977411270142,92.80737686157227
hybrid_cnn,CIFAR10,50,Adam,ProjectionAdam,CrossEntropy,2,8450,proj,0.09985977411270142,93.3541271686554
hybrid_cnn,CIFAR10,50,Adam,ProjectionAdam,CrossEntropy,2,8500,grad,0.10016025602817535,93.90562891960144
hybrid_cnn,CIFAR10,50,Adam,ProjectionAdam,CrossEntropy,2,8550,proj,0.10016025602817535,94.45596766471863
hybrid_cnn,CIFAR10,50,Adam,ProjectionAdam,CrossEntropy,2,8600,grad,0.09985977411270142,95.00822687149048
hybrid_cnn,CIFAR10,50,Adam,ProjectionAdam,CrossEntropy,2,8650,proj,0.10016025602817535,95.55746459960938
hybrid_cnn,CIFAR10,50,Adam,ProjectionAdam,CrossEntropy,2,8700,grad,0.09985977411270142,96.10981273651123
hybrid_cnn,CIFAR10,50,Adam,ProjectionAdam,CrossEntropy,2,8750,proj,0.09985977411270142,96.65905475616455
hybrid_cnn,CIFAR10,50,Adam,ProjectionAdam,CrossEntropy,2,8800,grad,0.09985977411270142,97.21212840080261
hybrid_cnn,CIFAR10,50,Adam,ProjectionAdam,CrossEntropy,2,8850,proj,0.09985977411270142,97.76255822181702
hybrid_cnn,CIFAR10,50,Adam,ProjectionAdam,CrossEntropy,2,8900,grad,0.09985977411270142,98.31382036209106
hybrid_cnn,CIFAR10,50,Adam,ProjectionAdam,CrossEntropy,2,8950,proj,0.10006009787321091,98.86127305030823
hybrid_cnn,CIFAR10,50,Adam,ProjectionAdam,CrossEntropy,2,9000,grad,0.10006009787321091,99.41456007957458
hybrid_cnn,CIFAR10,50,Adam,ProjectionAdam,CrossEntropy,2,9050,proj,0.09985977411270142,99.96438336372375
hybrid_cnn,CIFAR10,50,Adam,ProjectionAdam,CrossEntropy,2,9100,grad,0.09985977411270142,100.51844668388367
hybrid_cnn,CIFAR10,50,Adam,ProjectionAdam,CrossEntropy,2,9150,proj,0.09985977411270142,101.06769132614136
hybrid_cnn,CIFAR10,50,Adam,ProjectionAdam,CrossEntropy,2,9200,grad,0.10006009787321091,101.62096238136292
hybrid_cnn,CIFAR10,50,Adam,ProjectionAdam,CrossEntropy,2,9250,proj,0.10016025602817535,102.16980290412903
hybrid_cnn,CIFAR10,50,Adam,ProjectionAdam,CrossEntropy,2,9300,grad,0.09985977411270142,102.7220356464386
hybrid_cnn,CIFAR10,50,Adam,ProjectionAdam,CrossEntropy,2,9350,proj,0.10006009787321091,103.26994323730469
hybrid_cnn,CIFAR10,50,Adam,ProjectionAdam,CrossEntropy,2,9400,grad,0.09985977411270142,103.82284045219421
hybrid_cnn,CIFAR10,50,Adam,ProjectionAdam,CrossEntropy,2,9450,proj,0.10006009787321091,104.37125301361084
hybrid_cnn,CIFAR10,50,Adam,ProjectionAdam,CrossEntropy,2,9500,grad,0.10006009787321091,104.92296123504639
hybrid_cnn,CIFAR10,50,Adam,ProjectionAdam,CrossEntropy,2,9550,proj,0.09985977411270142,105.47131609916687
hybrid_cnn,CIFAR10,50,Adam,ProjectionAdam,CrossEntropy,2,9600,grad,0.09985977411270142,106.02671790122986
hybrid_cnn,CIFAR10,50,Adam,ProjectionAdam,CrossEntropy,2,9650,proj,0.10016025602817535,106.57457566261292
hybrid_cnn,CIFAR10,50,Adam,ProjectionAdam,CrossEntropy,2,9700,grad,0.09985977411270142,107.12629580497742
hybrid_cnn,CIFAR10,50,Adam,ProjectionAdam,CrossEntropy,2,9750,proj,0.09995993971824646,107.67426013946533
hybrid_cnn,CIFAR10,50,Adam,ProjectionAdam,CrossEntropy,2,9800,grad,0.09995993971824646,108.22548246383667
hybrid_cnn,CIFAR10,50,Adam,ProjectionAdam,CrossEntropy,2,9850,proj,0.10016025602817535,108.77600860595703
hybrid_cnn,CIFAR10,50,Adam,ProjectionAdam,CrossEntropy,2,9900,grad,0.09985977411270142,109.32963371276855
hybrid_cnn,CIFAR10,50,Adam,ProjectionAdam,CrossEntropy,2,9950,proj,0.10006009787321091,109.88049817085266
hybrid_cnn,CIFAR10,50,Adam,ProjectionAdam,CrossEntropy,2,9999,test,0.25661057233810425,110.21700406074524
hybrid_cnn,CIFAR10,50,Adam,ProjectionAdam,CrossEntropy,1,0,grad,0.09685496985912323,0.3984184265136719
hybrid_cnn,CIFAR10,50,Adam,ProjectionAdam,CrossEntropy,1,50,proj,0.14633414149284363,13.260857105255127
hybrid_cnn,CIFAR10,50,Adam,ProjectionAdam,CrossEntropy,1,100,grad,0.23467548191547394,13.94245982170105
hybrid_cnn,CIFAR10,50,Adam,ProjectionAdam,CrossEntropy,1,150,proj,0.14813701808452606,14.40541410446167
hybrid_cnn,CIFAR10,50,Adam,ProjectionAdam,CrossEntropy,1,200,grad,0.20172275602817535,14.962372064590454
hybrid_cnn,CIFAR10,50,Adam,ProjectionAdam,CrossEntropy,1,250,proj,0.24579326808452606,15.431109428405762
hybrid_cnn,CIFAR10,50,Adam,ProjectionAdam,CrossEntropy,1,300,grad,0.2057291716337204,15.97606086730957
hybrid_cnn,CIFAR10,50,Adam,ProjectionAdam,CrossEntropy,1,350,proj,0.24358974397182465,16.435569763183594
hybrid_cnn,CIFAR10,50,Adam,ProjectionAdam,CrossEntropy,1,400,grad,0.22305689752101898,16.982120275497437
hybrid_cnn,CIFAR10,50,Adam,ProjectionAdam,CrossEntropy,1,450,proj,0.22566105425357819,17.43978524208069
hybrid_cnn,CIFAR10,50,Adam,ProjectionAdam,CrossEntropy,1,500,grad,0.2291666716337204,17.986100673675537
hybrid_cnn,CIFAR10,50,Adam,ProjectionAdam,CrossEntropy,1,550,proj,0.22976763546466827,18.444204330444336
hybrid_cnn,CIFAR10,50,Adam,ProjectionAdam,CrossEntropy,1,600,grad,0.2198517620563507,18.990018367767334
hybrid_cnn,CIFAR10,50,Adam,ProjectionAdam,CrossEntropy,1,650,proj,0.27143430709838867,19.44717264175415
hybrid_cnn,CIFAR10,50,Adam,ProjectionAdam,CrossEntropy,1,700,grad,0.23828125,19.992658853530884
hybrid_cnn,CIFAR10,50,Adam,ProjectionAdam,CrossEntropy,1,750,proj,0.20843349397182465,20.450198888778687
hybrid_cnn,CIFAR10,50,Adam,ProjectionAdam,CrossEntropy,1,800,grad,0.22986778616905212,20.994990348815918
hybrid_cnn,CIFAR10,50,Adam,ProjectionAdam,CrossEntropy,1,850,proj,0.16917067766189575,21.45219326019287
hybrid_cnn,CIFAR10,50,Adam,ProjectionAdam,CrossEntropy,1,900,grad,0.2072315663099289,21.998451471328735
hybrid_cnn,CIFAR10,50,Adam,ProjectionAdam,CrossEntropy,1,950,proj,0.2055288553237915,22.455793142318726
hybrid_cnn,CIFAR10,50,Adam,ProjectionAdam,CrossEntropy,1,1000,grad,0.19691506028175354,23.00120520591736
hybrid_cnn,CIFAR10,50,Adam,ProjectionAdam,CrossEntropy,1,1050,proj,0.2033253163099289,23.45832324028015
hybrid_cnn,CIFAR10,50,Adam,ProjectionAdam,CrossEntropy,1,1100,grad,0.19931891560554504,24.001540184020996
hybrid_cnn,CIFAR10,50,Adam,ProjectionAdam,CrossEntropy,1,1150,proj,0.20142227411270142,24.463208436965942
hybrid_cnn,CIFAR10,50,Adam,ProjectionAdam,CrossEntropy,1,1200,grad,0.1330128163099289,25.009599685668945
hybrid_cnn,CIFAR10,50,Adam,ProjectionAdam,CrossEntropy,1,1250,proj,0.2124399095773697,25.467657327651978
hybrid_cnn,CIFAR10,50,Adam,ProjectionAdam,CrossEntropy,1,1300,grad,0.09995993971824646,26.01114010810852
hybrid_cnn,CIFAR10,50,Adam,ProjectionAdam,CrossEntropy,1,1350,proj,0.2587139308452606,26.468761920928955
hybrid_cnn,CIFAR10,50,Adam,ProjectionAdam,CrossEntropy,1,1400,grad,0.1979166716337204,27.01459240913391
hybrid_cnn,CIFAR10,50,Adam,ProjectionAdam,CrossEntropy,1,1450,proj,0.22365786135196686,27.471800088882446
hybrid_cnn,CIFAR10,50,Adam,ProjectionAdam,CrossEntropy,1,1500,grad,0.15464743971824646,28.0173122882843
hybrid_cnn,CIFAR10,50,Adam,ProjectionAdam,CrossEntropy,1,1550,proj,0.25530850887298584,28.473158359527588
hybrid_cnn,CIFAR10,50,Adam,ProjectionAdam,CrossEntropy,1,1600,grad,0.2410857379436493,29.018699884414673
hybrid_cnn,CIFAR10,50,Adam,ProjectionAdam,CrossEntropy,1,1650,proj,0.24118590354919434,29.476784229278564
hybrid_cnn,CIFAR10,50,Adam,ProjectionAdam,CrossEntropy,1,1700,grad,0.18219150602817535,30.022693634033203
hybrid_cnn,CIFAR10,50,Adam,ProjectionAdam,CrossEntropy,1,1750,proj,0.2094351053237915,30.48273777961731
hybrid_cnn,CIFAR10,50,Adam,ProjectionAdam,CrossEntropy,1,1800,grad,0.22125400602817535,31.02751851081848
hybrid_cnn,CIFAR10,50,Adam,ProjectionAdam,CrossEntropy,1,1850,proj,0.24018429219722748,31.485225677490234
hybrid_cnn,CIFAR10,50,Adam,ProjectionAdam,CrossEntropy,1,1900,grad,0.16736778616905212,32.029890060424805
hybrid_cnn,CIFAR10,50,Adam,ProjectionAdam,CrossEntropy,1,1950,proj,0.24419070780277252,32.48707175254822
hybrid_cnn,CIFAR10,50,Adam,ProjectionAdam,CrossEntropy,1,2000,grad,0.20903445780277252,33.033193826675415
hybrid_cnn,CIFAR10,50,Adam,ProjectionAdam,CrossEntropy,1,2050,proj,0.2436899095773697,33.49005722999573
hybrid_cnn,CIFAR10,50,Adam,ProjectionAdam,CrossEntropy,1,2100,grad,0.16586539149284363,34.03267550468445
hybrid_cnn,CIFAR10,50,Adam,ProjectionAdam,CrossEntropy,1,2150,proj,0.20192307233810425,34.49341678619385
hybrid_cnn,CIFAR10,50,Adam,ProjectionAdam,CrossEntropy,1,2200,grad,0.1979166716337204,35.03972411155701
hybrid_cnn,CIFAR10,50,Adam,ProjectionAdam,CrossEntropy,1,2250,proj,0.19050480425357819,35.498130083084106
hybrid_cnn,CIFAR10,50,Adam,ProjectionAdam,CrossEntropy,1,2300,grad,0.16596554219722748,36.04482817649841
hybrid_cnn,CIFAR10,50,Adam,ProjectionAdam,CrossEntropy,1,2350,proj,0.21123798191547394,36.50390553474426
hybrid_cnn,CIFAR10,50,Adam,ProjectionAdam,CrossEntropy,1,2400,grad,0.12680289149284363,37.050119400024414
hybrid_cnn,CIFAR10,50,Adam,ProjectionAdam,CrossEntropy,1,2450,proj,0.2267628163099289,37.50754928588867
hybrid_cnn,CIFAR10,50,Adam,ProjectionAdam,CrossEntropy,1,2500,grad,0.11428285390138626,38.051390409469604
hybrid_cnn,CIFAR10,50,Adam,ProjectionAdam,CrossEntropy,1,2550,proj,0.21804888546466827,38.50976490974426
hybrid_cnn,CIFAR10,50,Adam,ProjectionAdam,CrossEntropy,1,2600,grad,0.12560096383094788,39.05417037010193
hybrid_cnn,CIFAR10,50,Adam,ProjectionAdam,CrossEntropy,1,2650,proj,0.21734775602817535,39.512725591659546
hybrid_cnn,CIFAR10,50,Adam,ProjectionAdam,CrossEntropy,1,2700,grad,0.12099359184503555,40.058295488357544
hybrid_cnn,CIFAR10,50,Adam,ProjectionAdam,CrossEntropy,1,2750,proj,0.22075320780277252,40.51597857475281
hybrid_cnn,CIFAR10,50,Adam,ProjectionAdam,CrossEntropy,1,2800,grad,0.1625601053237915,41.05946588516235
hybrid_cnn,CIFAR10,50,Adam,ProjectionAdam,CrossEntropy,1,2850,proj,0.22265625,41.516329526901245
hybrid_cnn,CIFAR10,50,Adam,ProjectionAdam,CrossEntropy,1,2900,grad,0.13762019574642181,42.06044960021973
hybrid_cnn,CIFAR10,50,Adam,ProjectionAdam,CrossEntropy,1,2950,proj,0.2280649095773697,42.520222663879395
hybrid_cnn,CIFAR10,50,Adam,ProjectionAdam,CrossEntropy,1,3000,grad,0.16446314752101898,43.0674991607666
hybrid_cnn,CIFAR10,50,Adam,ProjectionAdam,CrossEntropy,1,3050,proj,0.21494391560554504,43.52337622642517
hybrid_cnn,CIFAR10,50,Adam,ProjectionAdam,CrossEntropy,1,3100,grad,0.17648237943649292,44.0686981678009
hybrid_cnn,CIFAR10,50,Adam,ProjectionAdam,CrossEntropy,1,3150,proj,0.22876602411270142,44.528812408447266
hybrid_cnn,CIFAR10,50,Adam,ProjectionAdam,CrossEntropy,1,3200,grad,0.13681891560554504,45.07387113571167
hybrid_cnn,CIFAR10,50,Adam,ProjectionAdam,CrossEntropy,1,3250,proj,0.22606170177459717,45.532217025756836
hybrid_cnn,CIFAR10,50,Adam,ProjectionAdam,CrossEntropy,1,3300,grad,0.1434294879436493,46.077574491500854
hybrid_cnn,CIFAR10,50,Adam,ProjectionAdam,CrossEntropy,1,3350,proj,0.22295673191547394,46.536271810531616
hybrid_cnn,CIFAR10,50,Adam,ProjectionAdam,CrossEntropy,1,3400,grad,0.15024039149284363,47.08408737182617
hybrid_cnn,CIFAR10,50,Adam,ProjectionAdam,CrossEntropy,1,3450,proj,0.22966746985912323,47.542603731155396
hybrid_cnn,CIFAR10,50,Adam,ProjectionAdam,CrossEntropy,1,3500,grad,0.1339142620563507,48.089606523513794
hybrid_cnn,CIFAR10,50,Adam,ProjectionAdam,CrossEntropy,1,3550,proj,0.20693109929561615,48.54840159416199
hybrid_cnn,CIFAR10,50,Adam,ProjectionAdam,CrossEntropy,1,3600,grad,0.13451522588729858,49.09587645530701
hybrid_cnn,CIFAR10,50,Adam,ProjectionAdam,CrossEntropy,1,3650,proj,0.20673076808452606,49.55411887168884
hybrid_cnn,CIFAR10,50,Adam,ProjectionAdam,CrossEntropy,1,3700,grad,0.10496795177459717,50.10009574890137
hybrid_cnn,CIFAR10,50,Adam,ProjectionAdam,CrossEntropy,1,3750,proj,0.21193911135196686,50.55860948562622
hybrid_cnn,CIFAR10,50,Adam,ProjectionAdam,CrossEntropy,1,3800,grad,0.15014022588729858,51.102895736694336
hybrid_cnn,CIFAR10,50,Adam,ProjectionAdam,CrossEntropy,1,3850,proj,0.21794871985912323,51.56098008155823
hybrid_cnn,CIFAR10,50,Adam,ProjectionAdam,CrossEntropy,1,3900,grad,0.10837339609861374,52.10615110397339
hybrid_cnn,CIFAR10,50,Adam,ProjectionAdam,CrossEntropy,1,3950,proj,0.22205528616905212,52.56569957733154
hybrid_cnn,CIFAR10,50,Adam,ProjectionAdam,CrossEntropy,1,4000,grad,0.15825320780277252,53.11141061782837
hybrid_cnn,CIFAR10,50,Adam,ProjectionAdam,CrossEntropy,1,4050,proj,0.2083333432674408,53.57094073295593
hybrid_cnn,CIFAR10,50,Adam,ProjectionAdam,CrossEntropy,1,4100,grad,0.10176282376050949,54.11668419837952
hybrid_cnn,CIFAR10,50,Adam,ProjectionAdam,CrossEntropy,1,4150,proj,0.22996795177459717,54.5741286277771
hybrid_cnn,CIFAR10,50,Adam,ProjectionAdam,CrossEntropy,1,4200,grad,0.14052483439445496,55.11949038505554
hybrid_cnn,CIFAR10,50,Adam,ProjectionAdam,CrossEntropy,1,4250,proj,0.21514423191547394,55.57696557044983
hybrid_cnn,CIFAR10,50,Adam,ProjectionAdam,CrossEntropy,1,4300,grad,0.11468349397182465,56.124619483947754
hybrid_cnn,CIFAR10,50,Adam,ProjectionAdam,CrossEntropy,1,4350,proj,0.22265625,56.580891132354736
hybrid_cnn,CIFAR10,50,Adam,ProjectionAdam,CrossEntropy,1,4400,grad,0.12810496985912323,57.12659788131714
hybrid_cnn,CIFAR10,50,Adam,ProjectionAdam,CrossEntropy,1,4450,proj,0.20452724397182465,57.584731578826904
hybrid_cnn,CIFAR10,50,Adam,ProjectionAdam,CrossEntropy,1,4500,grad,0.10016025602817535,58.12968158721924
hybrid_cnn,CIFAR10,50,Adam,ProjectionAdam,CrossEntropy,1,4550,proj,0.22686298191547394,58.587655782699585
hybrid_cnn,CIFAR10,50,Adam,ProjectionAdam,CrossEntropy,1,4600,grad,0.10616987198591232,59.13561034202576
hybrid_cnn,CIFAR10,50,Adam,ProjectionAdam,CrossEntropy,1,4650,proj,0.22536058723926544,59.59360361099243
hybrid_cnn,CIFAR10,50,Adam,ProjectionAdam,CrossEntropy,1,4700,grad,0.1247996836900711,60.13926601409912
hybrid_cnn,CIFAR10,50,Adam,ProjectionAdam,CrossEntropy,1,4750,proj,0.2265625,60.59572958946228
hybrid_cnn,CIFAR10,50,Adam,ProjectionAdam,CrossEntropy,1,4800,grad,0.13581730425357819,61.14132356643677
hybrid_cnn,CIFAR10,50,Adam,ProjectionAdam,CrossEntropy,1,4850,proj,0.23267227411270142,61.599754333496094
hybrid_cnn,CIFAR10,50,Adam,ProjectionAdam,CrossEntropy,1,4900,grad,0.13671875,62.14626383781433
hybrid_cnn,CIFAR10,50,Adam,ProjectionAdam,CrossEntropy,1,4950,proj,0.23647837340831757,62.603480100631714
hybrid_cnn,CIFAR10,50,Adam,ProjectionAdam,CrossEntropy,1,5000,grad,0.10787259787321091,63.14819145202637
hybrid_cnn,CIFAR10,50,Adam,ProjectionAdam,CrossEntropy,1,5050,proj,0.22536058723926544,63.60380411148071
hybrid_cnn,CIFAR10,50,Adam,ProjectionAdam,CrossEntropy,1,5100,grad,0.11037660390138626,64.146977186203
hybrid_cnn,CIFAR10,50,Adam,ProjectionAdam,CrossEntropy,1,5150,proj,0.20973557233810425,64.60492515563965
hybrid_cnn,CIFAR10,50,Adam,ProjectionAdam,CrossEntropy,1,5200,grad,0.11157852411270142,65.14897274971008
hybrid_cnn,CIFAR10,50,Adam,ProjectionAdam,CrossEntropy,1,5250,proj,0.21254006028175354,65.60577964782715
hybrid_cnn,CIFAR10,50,Adam,ProjectionAdam,CrossEntropy,1,5300,grad,0.11207932978868484,66.15131902694702
hybrid_cnn,CIFAR10,50,Adam,ProjectionAdam,CrossEntropy,1,5350,proj,0.22035256028175354,66.6080470085144
hybrid_cnn,CIFAR10,50,Adam,ProjectionAdam,CrossEntropy,1,5400,grad,0.10406650602817535,67.15291023254395
hybrid_cnn,CIFAR10,50,Adam,ProjectionAdam,CrossEntropy,1,5450,proj,0.22355769574642181,67.61242294311523
hybrid_cnn,CIFAR10,50,Adam,ProjectionAdam,CrossEntropy,1,5500,grad,0.1458333283662796,68.16135025024414
hybrid_cnn,CIFAR10,50,Adam,ProjectionAdam,CrossEntropy,1,5550,proj,0.19731570780277252,68.61925864219666
hybrid_cnn,CIFAR10,50,Adam,ProjectionAdam,CrossEntropy,1,5600,grad,0.13120993971824646,69.16715288162231
hybrid_cnn,CIFAR10,50,Adam,ProjectionAdam,CrossEntropy,1,5650,proj,0.21794871985912323,69.62571883201599
hybrid_cnn,CIFAR10,50,Adam,ProjectionAdam,CrossEntropy,1,5700,grad,0.10496795177459717,70.17226552963257
hybrid_cnn,CIFAR10,50,Adam,ProjectionAdam,CrossEntropy,1,5750,proj,0.20783253014087677,70.62977623939514
hybrid_cnn,CIFAR10,50,Adam,ProjectionAdam,CrossEntropy,1,5800,grad,0.10186298191547394,71.17672753334045
hybrid_cnn,CIFAR10,50,Adam,ProjectionAdam,CrossEntropy,1,5850,proj,0.20582932233810425,71.63397693634033
hybrid_cnn,CIFAR10,50,Adam,ProjectionAdam,CrossEntropy,1,5900,grad,0.1352163553237915,72.18014240264893
hybrid_cnn,CIFAR10,50,Adam,ProjectionAdam,CrossEntropy,1,5950,proj,0.14282852411270142,72.63738536834717
hybrid_cnn,CIFAR10,50,Adam,ProjectionAdam,CrossEntropy,1,6000,grad,0.11338140815496445,73.18661999702454
hybrid_cnn,CIFAR10,50,Adam,ProjectionAdam,CrossEntropy,1,6050,proj,0.20082131028175354,73.64235877990723
hybrid_cnn,CIFAR10,50,Adam,ProjectionAdam,CrossEntropy,1,6100,grad,0.09975961595773697,74.18883657455444
hybrid_cnn,CIFAR10,50,Adam,ProjectionAdam,CrossEntropy,1,6150,proj,0.22626201808452606,74.64564871788025
hybrid_cnn,CIFAR10,50,Adam,ProjectionAdam,CrossEntropy,1,6200,grad,0.10016025602817535,75.19055318832397
hybrid_cnn,CIFAR10,50,Adam,ProjectionAdam,CrossEntropy,1,6250,proj,0.21654647588729858,75.64849376678467
hybrid_cnn,CIFAR10,50,Adam,ProjectionAdam,CrossEntropy,1,6300,grad,0.1015625,76.19245910644531
hybrid_cnn,CIFAR10,50,Adam,ProjectionAdam,CrossEntropy,1,6350,proj,0.21023638546466827,76.65026140213013
hybrid_cnn,CIFAR10,50,Adam,ProjectionAdam,CrossEntropy,1,6400,grad,0.10496795177459717,77.19532585144043
hybrid_cnn,CIFAR10,50,Adam,ProjectionAdam,CrossEntropy,1,6450,proj,0.20703125,77.6544873714447
hybrid_cnn,CIFAR10,50,Adam,ProjectionAdam,CrossEntropy,1,6500,grad,0.10857371985912323,78.20033168792725
hybrid_cnn,CIFAR10,50,Adam,ProjectionAdam,CrossEntropy,1,6550,proj,0.19991987943649292,78.65774583816528
hybrid_cnn,CIFAR10,50,Adam,ProjectionAdam,CrossEntropy,1,6600,grad,0.11177884787321091,79.2049617767334
hybrid_cnn,CIFAR10,50,Adam,ProjectionAdam,CrossEntropy,1,6650,proj,0.2211538553237915,79.66182112693787
hybrid_cnn,CIFAR10,50,Adam,ProjectionAdam,CrossEntropy,1,6700,grad,0.13752003014087677,80.20581555366516
hybrid_cnn,CIFAR10,50,Adam,ProjectionAdam,CrossEntropy,1,6750,proj,0.22956730425357819,80.66325330734253
hybrid_cnn,CIFAR10,50,Adam,ProjectionAdam,CrossEntropy,1,6800,grad,0.10576923191547394,81.21052265167236
hybrid_cnn,CIFAR10,50,Adam,ProjectionAdam,CrossEntropy,1,6850,proj,0.22045272588729858,81.66889238357544
hybrid_cnn,CIFAR10,50,Adam,ProjectionAdam,CrossEntropy,1,6900,grad,0.1130809336900711,82.21453046798706
hybrid_cnn,CIFAR10,50,Adam,ProjectionAdam,CrossEntropy,1,6950,proj,0.22736378014087677,82.67208862304688
hybrid_cnn,CIFAR10,50,Adam,ProjectionAdam,CrossEntropy,1,7000,grad,0.09985977411270142,83.21921014785767
hybrid_cnn,CIFAR10,50,Adam,ProjectionAdam,CrossEntropy,1,7050,proj,0.22045272588729858,83.67821383476257
hybrid_cnn,CIFAR10,50,Adam,ProjectionAdam,CrossEntropy,1,7100,grad,0.10877403616905212,84.22393345832825
hybrid_cnn,CIFAR10,50,Adam,ProjectionAdam,CrossEntropy,1,7150,proj,0.19391025602817535,84.68257331848145
hybrid_cnn,CIFAR10,50,Adam,ProjectionAdam,CrossEntropy,1,7200,grad,0.10256410390138626,85.22947812080383
hybrid_cnn,CIFAR10,50,Adam,ProjectionAdam,CrossEntropy,1,7250,proj,0.21414263546466827,85.68630075454712
hybrid_cnn,CIFAR10,50,Adam,ProjectionAdam,CrossEntropy,1,7300,grad,0.10356570780277252,86.23072123527527
hybrid_cnn,CIFAR10,50,Adam,ProjectionAdam,CrossEntropy,1,7350,proj,0.21704727411270142,86.69046378135681
hybrid_cnn,CIFAR10,50,Adam,ProjectionAdam,CrossEntropy,1,7400,grad,0.13120993971824646,87.23705697059631
hybrid_cnn,CIFAR10,50,Adam,ProjectionAdam,CrossEntropy,1,7450,proj,0.2215544879436493,87.69518876075745
hybrid_cnn,CIFAR10,50,Adam,ProjectionAdam,CrossEntropy,1,7500,grad,0.12530048191547394,88.24229550361633
hybrid_cnn,CIFAR10,50,Adam,ProjectionAdam,CrossEntropy,1,7550,proj,0.22385817766189575,88.70035123825073
hybrid_cnn,CIFAR10,50,Adam,ProjectionAdam,CrossEntropy,1,7600,grad,0.11678685992956161,89.2469801902771
hybrid_cnn,CIFAR10,50,Adam,ProjectionAdam,CrossEntropy,1,7650,proj,0.20713141560554504,89.70569133758545
hybrid_cnn,CIFAR10,50,Adam,ProjectionAdam,CrossEntropy,1,7700,grad,0.1015625,90.25099301338196
hybrid_cnn,CIFAR10,50,Adam,ProjectionAdam,CrossEntropy,1,7750,proj,0.22095352411270142,90.7090232372284
hybrid_cnn,CIFAR10,50,Adam,ProjectionAdam,CrossEntropy,1,7800,grad,0.13251201808452606,91.25530982017517
hybrid_cnn,CIFAR10,50,Adam,ProjectionAdam,CrossEntropy,1,7850,proj,0.2198517620563507,91.71475481987
hybrid_cnn,CIFAR10,50,Adam,ProjectionAdam,CrossEntropy,1,7900,grad,0.10857371985912323,92.26088261604309
hybrid_cnn,CIFAR10,50,Adam,ProjectionAdam,CrossEntropy,1,7950,proj,0.20382612943649292,92.71876573562622
hybrid_cnn,CIFAR10,50,Adam,ProjectionAdam,CrossEntropy,1,8000,grad,0.11919070780277252,93.2659912109375
hybrid_cnn,CIFAR10,50,Adam,ProjectionAdam,CrossEntropy,1,8050,proj,0.21003605425357819,93.72394752502441
hybrid_cnn,CIFAR10,50,Adam,ProjectionAdam,CrossEntropy,1,8100,grad,0.1430288553237915,94.26922607421875
hybrid_cnn,CIFAR10,50,Adam,ProjectionAdam,CrossEntropy,1,8150,proj,0.21864984929561615,94.72820115089417
hybrid_cnn,CIFAR10,50,Adam,ProjectionAdam,CrossEntropy,1,8200,grad,0.11097756773233414,95.274178981781
hybrid_cnn,CIFAR10,50,Adam,ProjectionAdam,CrossEntropy,1,8250,proj,0.1627604216337204,95.7319917678833
hybrid_cnn,CIFAR10,50,Adam,ProjectionAdam,CrossEntropy,1,8300,grad,0.10837339609861374,96.27822804450989
hybrid_cnn,CIFAR10,50,Adam,ProjectionAdam,CrossEntropy,1,8350,proj,0.2228565663099289,96.73546123504639
hybrid_cnn,CIFAR10,50,Adam,ProjectionAdam,CrossEntropy,1,8400,grad,0.10446714609861374,97.28116917610168
hybrid_cnn,CIFAR10,50,Adam,ProjectionAdam,CrossEntropy,1,8450,proj,0.22275641560554504,97.73765730857849
hybrid_cnn,CIFAR10,50,Adam,ProjectionAdam,CrossEntropy,1,8500,grad,0.12279647588729858,98.28472971916199
hybrid_cnn,CIFAR10,50,Adam,ProjectionAdam,CrossEntropy,1,8550,proj,0.22726362943649292,98.7421510219574
hybrid_cnn,CIFAR10,50,Adam,ProjectionAdam,CrossEntropy,1,8600,grad,0.08774038404226303,99.28869438171387
hybrid_cnn,CIFAR10,50,Adam,ProjectionAdam,CrossEntropy,1,8650,proj,0.21564503014087677,99.74640798568726
hybrid_cnn,CIFAR10,50,Adam,ProjectionAdam,CrossEntropy,1,8700,grad,0.10456731170415878,100.28961277008057
hybrid_cnn,CIFAR10,50,Adam,ProjectionAdam,CrossEntropy,1,8750,proj,0.22065304219722748,100.74748921394348
hybrid_cnn,CIFAR10,50,Adam,ProjectionAdam,CrossEntropy,1,8800,grad,0.0989583358168602,101.2948956489563
hybrid_cnn,CIFAR10,50,Adam,ProjectionAdam,CrossEntropy,1,8850,proj,0.21734775602817535,101.75294232368469
hybrid_cnn,CIFAR10,50,Adam,ProjectionAdam,CrossEntropy,1,8900,grad,0.10797275602817535,102.29691433906555
hybrid_cnn,CIFAR10,50,Adam,ProjectionAdam,CrossEntropy,1,8950,proj,0.21514423191547394,102.75282669067383
hybrid_cnn,CIFAR10,50,Adam,ProjectionAdam,CrossEntropy,1,9000,grad,0.10116185992956161,103.2991714477539
hybrid_cnn,CIFAR10,50,Adam,ProjectionAdam,CrossEntropy,1,9050,proj,0.19220753014087677,103.7560064792633
hybrid_cnn,CIFAR10,50,Adam,ProjectionAdam,CrossEntropy,1,9100,grad,0.10967548191547394,104.3031153678894
hybrid_cnn,CIFAR10,50,Adam,ProjectionAdam,CrossEntropy,1,9150,proj,0.2020232379436493,104.7601728439331
hybrid_cnn,CIFAR10,50,Adam,ProjectionAdam,CrossEntropy,1,9200,grad,0.10466746985912323,105.30895113945007
hybrid_cnn,CIFAR10,50,Adam,ProjectionAdam,CrossEntropy,1,9250,proj,0.20222355425357819,105.76735353469849
hybrid_cnn,CIFAR10,50,Adam,ProjectionAdam,CrossEntropy,1,9300,grad,0.12700320780277252,106.31279492378235
hybrid_cnn,CIFAR10,50,Adam,ProjectionAdam,CrossEntropy,1,9350,proj,0.2241586595773697,106.77082657814026
hybrid_cnn,CIFAR10,50,Adam,ProjectionAdam,CrossEntropy,1,9400,grad,0.10076121985912323,107.31905388832092
hybrid_cnn,CIFAR10,50,Adam,ProjectionAdam,CrossEntropy,1,9450,proj,0.21163862943649292,107.77817487716675
hybrid_cnn,CIFAR10,50,Adam,ProjectionAdam,CrossEntropy,1,9500,grad,0.12009214609861374,108.32474040985107
hybrid_cnn,CIFAR10,50,Adam,ProjectionAdam,CrossEntropy,1,9550,proj,0.22495993971824646,108.78321671485901
hybrid_cnn,CIFAR10,50,Adam,ProjectionAdam,CrossEntropy,1,9600,grad,0.09805689007043839,109.33532691001892
hybrid_cnn,CIFAR10,50,Adam,ProjectionAdam,CrossEntropy,1,9650,proj,0.2159455120563507,109.79293441772461
hybrid_cnn,CIFAR10,50,Adam,ProjectionAdam,CrossEntropy,1,9700,grad,0.1434294879436493,110.33611392974854
hybrid_cnn,CIFAR10,50,Adam,ProjectionAdam,CrossEntropy,1,9750,proj,0.21143829822540283,110.79175448417664
hybrid_cnn,CIFAR10,50,Adam,ProjectionAdam,CrossEntropy,1,9800,grad,0.1130809336900711,111.33649230003357
hybrid_cnn,CIFAR10,50,Adam,ProjectionAdam,CrossEntropy,1,9850,proj,0.19931891560554504,111.79315114021301
hybrid_cnn,CIFAR10,50,Adam,ProjectionAdam,CrossEntropy,1,9900,grad,0.12510016560554504,112.33741307258606
hybrid_cnn,CIFAR10,50,Adam,ProjectionAdam,CrossEntropy,1,9950,proj,0.23427484929561615,112.7946150302887
hybrid_cnn,CIFAR10,50,Adam,ProjectionAdam,CrossEntropy,1,9999,test,0.27143430709838867,113.13254928588867
hybrid_cnn,CIFAR10,50,Adam,ProjectionAdam,CrossEntropy,2,0,grad,0.10166265815496445,0.2137305736541748
hybrid_cnn,CIFAR10,50,Adam,ProjectionAdam,CrossEntropy,2,50,proj,0.19340945780277252,0.6717483997344971
hybrid_cnn,CIFAR10,50,Adam,ProjectionAdam,CrossEntropy,2,100,grad,0.2914663553237915,1.2203285694122314
hybrid_cnn,CIFAR10,50,Adam,ProjectionAdam,CrossEntropy,2,150,proj,0.2367788553237915,1.6787643432617188
hybrid_cnn,CIFAR10,50,Adam,ProjectionAdam,CrossEntropy,2,200,grad,0.24188701808452606,2.2237744331359863
hybrid_cnn,CIFAR10,50,Adam,ProjectionAdam,CrossEntropy,2,250,proj,0.2769431173801422,2.6800522804260254
hybrid_cnn,CIFAR10,50,Adam,ProjectionAdam,CrossEntropy,2,300,grad,0.24819712340831757,3.223526954650879
hybrid_cnn,CIFAR10,50,Adam,ProjectionAdam,CrossEntropy,2,350,proj,0.21284054219722748,3.683485269546509
hybrid_cnn,CIFAR10,50,Adam,ProjectionAdam,CrossEntropy,2,400,grad,0.20923477411270142,4.228291749954224
hybrid_cnn,CIFAR10,50,Adam,ProjectionAdam,CrossEntropy,2,450,proj,0.23818109929561615,4.686075210571289
hybrid_cnn,CIFAR10,50,Adam,ProjectionAdam,CrossEntropy,2,500,grad,0.2016226053237915,5.229448318481445
hybrid_cnn,CIFAR10,50,Adam,ProjectionAdam,CrossEntropy,2,550,proj,0.2530048191547394,5.687285661697388
hybrid_cnn,CIFAR10,50,Adam,ProjectionAdam,CrossEntropy,2,600,grad,0.22996795177459717,6.231598138809204
hybrid_cnn,CIFAR10,50,Adam,ProjectionAdam,CrossEntropy,2,650,proj,0.1456330120563507,6.687854290008545
hybrid_cnn,CIFAR10,50,Adam,ProjectionAdam,CrossEntropy,2,700,grad,0.22235576808452606,7.231264591217041
hybrid_cnn,CIFAR10,50,Adam,ProjectionAdam,CrossEntropy,2,750,proj,0.19521234929561615,7.689175605773926
hybrid_cnn,CIFAR10,50,Adam,ProjectionAdam,CrossEntropy,2,800,grad,0.19330929219722748,8.238345623016357
hybrid_cnn,CIFAR10,50,Adam,ProjectionAdam,CrossEntropy,2,850,proj,0.22726362943649292,8.695801734924316
hybrid_cnn,CIFAR10,50,Adam,ProjectionAdam,CrossEntropy,2,900,grad,0.2408854216337204,9.23989486694336
hybrid_cnn,CIFAR10,50,Adam,ProjectionAdam,CrossEntropy,2,950,proj,0.19501201808452606,9.698227167129517
hybrid_cnn,CIFAR10,50,Adam,ProjectionAdam,CrossEntropy,2,1000,grad,0.20352564752101898,10.244364976882935
hybrid_cnn,CIFAR10,50,Adam,ProjectionAdam,CrossEntropy,2,1050,proj,0.20953525602817535,10.701998949050903
hybrid_cnn,CIFAR10,50,Adam,ProjectionAdam,CrossEntropy,2,1100,grad,0.1988181173801422,11.247600555419922
hybrid_cnn,CIFAR10,50,Adam,ProjectionAdam,CrossEntropy,2,1150,proj,0.21824920177459717,11.707051753997803
hybrid_cnn,CIFAR10,50,Adam,ProjectionAdam,CrossEntropy,2,1200,grad,0.1184895858168602,12.251935243606567
hybrid_cnn,CIFAR10,50,Adam,ProjectionAdam,CrossEntropy,2,1250,proj,0.22405849397182465,12.709897518157959
hybrid_cnn,CIFAR10,50,Adam,ProjectionAdam,CrossEntropy,2,1300,grad,0.16225962340831757,13.25364375114441
hybrid_cnn,CIFAR10,50,Adam,ProjectionAdam,CrossEntropy,2,1350,proj,0.25941506028175354,13.713512420654297
hybrid_cnn,CIFAR10,50,Adam,ProjectionAdam,CrossEntropy,2,1400,grad,0.171875,14.257707595825195
hybrid_cnn,CIFAR10,50,Adam,ProjectionAdam,CrossEntropy,2,1450,proj,0.25440704822540283,14.715823650360107
hybrid_cnn,CIFAR10,50,Adam,ProjectionAdam,CrossEntropy,2,1500,grad,0.2137419879436493,15.259870529174805
hybrid_cnn,CIFAR10,50,Adam,ProjectionAdam,CrossEntropy,2,1550,proj,0.24709536135196686,15.717416048049927
hybrid_cnn,CIFAR10,50,Adam,ProjectionAdam,CrossEntropy,2,1600,grad,0.19240786135196686,16.26263451576233
hybrid_cnn,CIFAR10,50,Adam,ProjectionAdam,CrossEntropy,2,1650,proj,0.2533052861690521,16.719568729400635
hybrid_cnn,CIFAR10,50,Adam,ProjectionAdam,CrossEntropy,2,1700,grad,0.18970352411270142,17.264832019805908
hybrid_cnn,CIFAR10,50,Adam,ProjectionAdam,CrossEntropy,2,1750,proj,0.2799479067325592,17.723093032836914
hybrid_cnn,CIFAR10,50,Adam,ProjectionAdam,CrossEntropy,2,1800,grad,0.24559295177459717,18.26895022392273
hybrid_cnn,CIFAR10,50,Adam,ProjectionAdam,CrossEntropy,2,1850,proj,0.25791266560554504,18.729793787002563
hybrid_cnn,CIFAR10,50,Adam,ProjectionAdam,CrossEntropy,2,1900,grad,0.1824919879436493,19.27461314201355
hybrid_cnn,CIFAR10,50,Adam,ProjectionAdam,CrossEntropy,2,1950,proj,0.24659454822540283,19.73313808441162
hybrid_cnn,CIFAR10,50,Adam,ProjectionAdam,CrossEntropy,2,2000,grad,0.15705128014087677,20.284323692321777
hybrid_cnn,CIFAR10,50,Adam,ProjectionAdam,CrossEntropy,2,2050,proj,0.24539263546466827,20.740644216537476
hybrid_cnn,CIFAR10,50,Adam,ProjectionAdam,CrossEntropy,2,2100,grad,0.21474359929561615,21.28313159942627
hybrid_cnn,CIFAR10,50,Adam,ProjectionAdam,CrossEntropy,2,2150,proj,0.22906650602817535,21.739354848861694
hybrid_cnn,CIFAR10,50,Adam,ProjectionAdam,CrossEntropy,2,2200,grad,0.16065704822540283,22.284828424453735
hybrid_cnn,CIFAR10,50,Adam,ProjectionAdam,CrossEntropy,2,2250,proj,0.22856570780277252,22.74063754081726
hybrid_cnn,CIFAR10,50,Adam,ProjectionAdam,CrossEntropy,2,2300,grad,0.18108974397182465,23.287576913833618
hybrid_cnn,CIFAR10,50,Adam,ProjectionAdam,CrossEntropy,2,2350,proj,0.20022036135196686,23.745615005493164
hybrid_cnn,CIFAR10,50,Adam,ProjectionAdam,CrossEntropy,2,2400,grad,0.14152644574642181,24.290958881378174
hybrid_cnn,CIFAR10,50,Adam,ProjectionAdam,CrossEntropy,2,2450,proj,0.21814903616905212,24.748334169387817
hybrid_cnn,CIFAR10,50,Adam,ProjectionAdam,CrossEntropy,2,2500,grad,0.12540064752101898,25.293009042739868
hybrid_cnn,CIFAR10,50,Adam,ProjectionAdam,CrossEntropy,2,2550,proj,0.21694712340831757,25.750502109527588
hybrid_cnn,CIFAR10,50,Adam,ProjectionAdam,CrossEntropy,2,2600,grad,0.15174278616905212,26.294235944747925
hybrid_cnn,CIFAR10,50,Adam,ProjectionAdam,CrossEntropy,2,2650,proj,0.22385817766189575,26.75035834312439
hybrid_cnn,CIFAR10,50,Adam,ProjectionAdam,CrossEntropy,2,2700,grad,0.11889022588729858,27.29666519165039
hybrid_cnn,CIFAR10,50,Adam,ProjectionAdam,CrossEntropy,2,2750,proj,0.2081330120563507,27.75379991531372
hybrid_cnn,CIFAR10,50,Adam,ProjectionAdam,CrossEntropy,2,2800,grad,0.13511618971824646,28.2986900806427
hybrid_cnn,CIFAR10,50,Adam,ProjectionAdam,CrossEntropy,2,2850,proj,0.20372596383094788,28.75583028793335
hybrid_cnn,CIFAR10,50,Adam,ProjectionAdam,CrossEntropy,2,2900,grad,0.13191105425357819,29.300168991088867
hybrid_cnn,CIFAR10,50,Adam,ProjectionAdam,CrossEntropy,2,2950,proj,0.20863381028175354,29.75642228126526
hybrid_cnn,CIFAR10,50,Adam,ProjectionAdam,CrossEntropy,2,3000,grad,0.13141025602817535,30.30150556564331
hybrid_cnn,CIFAR10,50,Adam,ProjectionAdam,CrossEntropy,2,3050,proj,0.2150440663099289,30.757929801940918
hybrid_cnn,CIFAR10,50,Adam,ProjectionAdam,CrossEntropy,2,3100,grad,0.11368189007043839,31.303383111953735
hybrid_cnn,CIFAR10,50,Adam,ProjectionAdam,CrossEntropy,2,3150,proj,0.20753204822540283,31.760913372039795
hybrid_cnn,CIFAR10,50,Adam,ProjectionAdam,CrossEntropy,2,3200,grad,0.16496394574642181,32.304298877716064
hybrid_cnn,CIFAR10,50,Adam,ProjectionAdam,CrossEntropy,2,3250,proj,0.22405849397182465,32.76034355163574
hybrid_cnn,CIFAR10,50,Adam,ProjectionAdam,CrossEntropy,2,3300,grad,0.16746795177459717,33.3040509223938
hybrid_cnn,CIFAR10,50,Adam,ProjectionAdam,CrossEntropy,2,3350,proj,0.22385817766189575,33.76060724258423
hybrid_cnn,CIFAR10,50,Adam,ProjectionAdam,CrossEntropy,2,3400,grad,0.13942307233810425,34.304333209991455
hybrid_cnn,CIFAR10,50,Adam,ProjectionAdam,CrossEntropy,2,3450,proj,0.21474359929561615,34.760737657547
hybrid_cnn,CIFAR10,50,Adam,ProjectionAdam,CrossEntropy,2,3500,grad,0.13331329822540283,35.305174112319946
hybrid_cnn,CIFAR10,50,Adam,ProjectionAdam,CrossEntropy,2,3550,proj,0.21013621985912323,35.76317739486694
hybrid_cnn,CIFAR10,50,Adam,ProjectionAdam,CrossEntropy,2,3600,grad,0.1339142620563507,36.3072612285614
hybrid_cnn,CIFAR10,50,Adam,ProjectionAdam,CrossEntropy,2,3650,proj,0.20703125,36.762935161590576
hybrid_cnn,CIFAR10,50,Adam,ProjectionAdam,CrossEntropy,2,3700,grad,0.14663462340831757,37.305612325668335
hybrid_cnn,CIFAR10,50,Adam,ProjectionAdam,CrossEntropy,2,3750,proj,0.21955128014087677,37.762134313583374
hybrid_cnn,CIFAR10,50,Adam,ProjectionAdam,CrossEntropy,2,3800,grad,0.10076121985912323,38.30488109588623
hybrid_cnn,CIFAR10,50,Adam,ProjectionAdam,CrossEntropy,2,3850,proj,0.20262420177459717,38.760719537734985
hybrid_cnn,CIFAR10,50,Adam,ProjectionAdam,CrossEntropy,2,3900,grad,0.15034054219722748,39.305140018463135
hybrid_cnn,CIFAR10,50,Adam,ProjectionAdam,CrossEntropy,2,3950,proj,0.2083333432674408,39.76327657699585
hybrid_cnn,CIFAR10,50,Adam,ProjectionAdam,CrossEntropy,2,4000,grad,0.15835337340831757,40.30815672874451
hybrid_cnn,CIFAR10,50,Adam,ProjectionAdam,CrossEntropy,2,4050,proj,0.21414263546466827,40.76442861557007
hybrid_cnn,CIFAR10,50,Adam,ProjectionAdam,CrossEntropy,2,4100,grad,0.10256410390138626,41.310025453567505
hybrid_cnn,CIFAR10,50,Adam,ProjectionAdam,CrossEntropy,2,4150,proj,0.21173878014087677,41.767066955566406
hybrid_cnn,CIFAR10,50,Adam,ProjectionAdam,CrossEntropy,2,4200,grad,0.12860576808452606,42.31293821334839
hybrid_cnn,CIFAR10,50,Adam,ProjectionAdam,CrossEntropy,2,4250,proj,0.21294070780277252,42.76990842819214
hybrid_cnn,CIFAR10,50,Adam,ProjectionAdam,CrossEntropy,2,4300,grad,0.10366586595773697,43.3135941028595
hybrid_cnn,CIFAR10,50,Adam,ProjectionAdam,CrossEntropy,2,4350,proj,0.21704727411270142,43.770078897476196
hybrid_cnn,CIFAR10,50,Adam,ProjectionAdam,CrossEntropy,2,4400,grad,0.13181090354919434,44.31459021568298
hybrid_cnn,CIFAR10,50,Adam,ProjectionAdam,CrossEntropy,2,4450,proj,0.21604567766189575,44.7707724571228
hybrid_cnn,CIFAR10,50,Adam,ProjectionAdam,CrossEntropy,2,4500,grad,0.10396634787321091,45.31509613990784
hybrid_cnn,CIFAR10,50,Adam,ProjectionAdam,CrossEntropy,2,4550,proj,0.22746394574642181,45.77072238922119
hybrid_cnn,CIFAR10,50,Adam,ProjectionAdam,CrossEntropy,2,4600,grad,0.1287059336900711,46.313292503356934
hybrid_cnn,CIFAR10,50,Adam,ProjectionAdam,CrossEntropy,2,4650,proj,0.22315704822540283,46.769373178482056
hybrid_cnn,CIFAR10,50,Adam,ProjectionAdam,CrossEntropy,2,4700,grad,0.14352965354919434,47.31489706039429
hybrid_cnn,CIFAR10,50,Adam,ProjectionAdam,CrossEntropy,2,4750,proj,0.22145433723926544,47.77092885971069
hybrid_cnn,CIFAR10,50,Adam,ProjectionAdam,CrossEntropy,2,4800,grad,0.11568509787321091,48.31588697433472
hybrid_cnn,CIFAR10,50,Adam,ProjectionAdam,CrossEntropy,2,4850,proj,0.20863381028175354,48.77149200439453
hybrid_cnn,CIFAR10,50,Adam,ProjectionAdam,CrossEntropy,2,4900,grad,0.14673477411270142,49.31600737571716
hybrid_cnn,CIFAR10,50,Adam,ProjectionAdam,CrossEntropy,2,4950,proj,0.22485977411270142,49.77233958244324
hybrid_cnn,CIFAR10,50,Adam,ProjectionAdam,CrossEntropy,2,5000,grad,0.14182692766189575,50.31961727142334
hybrid_cnn,CIFAR10,50,Adam,ProjectionAdam,CrossEntropy,2,5050,proj,0.22355769574642181,50.77602958679199
hybrid_cnn,CIFAR10,50,Adam,ProjectionAdam,CrossEntropy,2,5100,grad,0.10446714609861374,51.32308053970337
hybrid_cnn,CIFAR10,50,Adam,ProjectionAdam,CrossEntropy,2,5150,proj,0.22996795177459717,51.780866861343384
hybrid_cnn,CIFAR10,50,Adam,ProjectionAdam,CrossEntropy,2,5200,grad,0.1573517620563507,52.32607579231262
hybrid_cnn,CIFAR10,50,Adam,ProjectionAdam,CrossEntropy,2,5250,proj,0.21173878014087677,52.782875299453735
hybrid_cnn,CIFAR10,50,Adam,ProjectionAdam,CrossEntropy,2,5300,grad,0.11788862198591232,53.327960729599
hybrid_cnn,CIFAR10,50,Adam,ProjectionAdam,CrossEntropy,2,5350,proj,0.21183894574642181,53.78390979766846
hybrid_cnn,CIFAR10,50,Adam,ProjectionAdam,CrossEntropy,2,5400,grad,0.12309695780277252,54.32818365097046
hybrid_cnn,CIFAR10,50,Adam,ProjectionAdam,CrossEntropy,2,5450,proj,0.20392628014087677,54.78523778915405
hybrid_cnn,CIFAR10,50,Adam,ProjectionAdam,CrossEntropy,2,5500,grad,0.10246394574642181,55.329468965530396
hybrid_cnn,CIFAR10,50,Adam,ProjectionAdam,CrossEntropy,2,5550,proj,0.23046875,55.78748345375061
hybrid_cnn,CIFAR10,50,Adam,ProjectionAdam,CrossEntropy,2,5600,grad,0.1317107379436493,56.33265566825867
hybrid_cnn,CIFAR10,50,Adam,ProjectionAdam,CrossEntropy,2,5650,proj,0.21574519574642181,56.79059147834778
hybrid_cnn,CIFAR10,50,Adam,ProjectionAdam,CrossEntropy,2,5700,grad,0.10486778616905212,57.333168745040894
hybrid_cnn,CIFAR10,50,Adam,ProjectionAdam,CrossEntropy,2,5750,proj,0.21454326808452606,57.79046106338501
hybrid_cnn,CIFAR10,50,Adam,ProjectionAdam,CrossEntropy,2,5800,grad,0.1480368673801422,58.335206747055054
hybrid_cnn,CIFAR10,50,Adam,ProjectionAdam,CrossEntropy,2,5850,proj,0.23106971383094788,58.79329514503479
hybrid_cnn,CIFAR10,50,Adam,ProjectionAdam,CrossEntropy,2,5900,grad,0.10016025602817535,59.33915328979492
hybrid_cnn,CIFAR10,50,Adam,ProjectionAdam,CrossEntropy,2,5950,proj,0.2172476053237915,59.79541826248169
hybrid_cnn,CIFAR10,50,Adam,ProjectionAdam,CrossEntropy,2,6000,grad,0.10376602411270142,60.340282678604126
hybrid_cnn,CIFAR10,50,Adam,ProjectionAdam,CrossEntropy,2,6050,proj,0.22255609929561615,60.79626703262329
hybrid_cnn,CIFAR10,50,Adam,ProjectionAdam,CrossEntropy,2,6100,grad,0.11608573794364929,61.340248823165894
hybrid_cnn,CIFAR10,50,Adam,ProjectionAdam,CrossEntropy,2,6150,proj,0.22425881028175354,61.79632067680359
hybrid_cnn,CIFAR10,50,Adam,ProjectionAdam,CrossEntropy,2,6200,grad,0.10376602411270142,62.340479135513306
hybrid_cnn,CIFAR10,50,Adam,ProjectionAdam,CrossEntropy,2,6250,proj,0.21644631028175354,62.79676580429077
hybrid_cnn,CIFAR10,50,Adam,ProjectionAdam,CrossEntropy,2,6300,grad,0.11007612198591232,63.34247422218323
hybrid_cnn,CIFAR10,50,Adam,ProjectionAdam,CrossEntropy,2,6350,proj,0.22836539149284363,63.79934525489807
hybrid_cnn,CIFAR10,50,Adam,ProjectionAdam,CrossEntropy,2,6400,grad,0.10246394574642181,64.34299421310425
hybrid_cnn,CIFAR10,50,Adam,ProjectionAdam,CrossEntropy,2,6450,proj,0.21394230425357819,64.80011749267578
hybrid_cnn,CIFAR10,50,Adam,ProjectionAdam,CrossEntropy,2,6500,grad,0.13100962340831757,65.34437680244446
hybrid_cnn,CIFAR10,50,Adam,ProjectionAdam,CrossEntropy,2,6550,proj,0.21364182233810425,65.79971742630005
hybrid_cnn,CIFAR10,50,Adam,ProjectionAdam,CrossEntropy,2,6600,grad,0.12179487198591232,66.34405326843262
hybrid_cnn,CIFAR10,50,Adam,ProjectionAdam,CrossEntropy,2,6650,proj,0.20863381028175354,66.79951500892639
hybrid_cnn,CIFAR10,50,Adam,ProjectionAdam,CrossEntropy,2,6700,grad,0.1091746836900711,67.34270310401917
hybrid_cnn,CIFAR10,50,Adam,ProjectionAdam,CrossEntropy,2,6750,proj,0.19961939752101898,67.7988224029541
hybrid_cnn,CIFAR10,50,Adam,ProjectionAdam,CrossEntropy,2,6800,grad,0.12019231170415878,68.34525609016418
hybrid_cnn,CIFAR10,50,Adam,ProjectionAdam,CrossEntropy,2,6850,proj,0.16496394574642181,68.80183100700378
hybrid_cnn,CIFAR10,50,Adam,ProjectionAdam,CrossEntropy,2,6900,grad,0.12419871985912323,69.34487867355347
hybrid_cnn,CIFAR10,50,Adam,ProjectionAdam,CrossEntropy,2,6950,proj,0.23998397588729858,69.80228853225708
hybrid_cnn,CIFAR10,50,Adam,ProjectionAdam,CrossEntropy,2,7000,grad,0.11137820780277252,70.34893989562988
hybrid_cnn,CIFAR10,50,Adam,ProjectionAdam,CrossEntropy,2,7050,proj,0.18449519574642181,70.80571007728577
hybrid_cnn,CIFAR10,50,Adam,ProjectionAdam,CrossEntropy,2,7100,grad,0.11268029361963272,71.35176372528076
hybrid_cnn,CIFAR10,50,Adam,ProjectionAdam,CrossEntropy,2,7150,proj,0.23387420177459717,71.80902099609375
hybrid_cnn,CIFAR10,50,Adam,ProjectionAdam,CrossEntropy,2,7200,grad,0.11177884787321091,72.35480618476868
hybrid_cnn,CIFAR10,50,Adam,ProjectionAdam,CrossEntropy,2,7250,proj,0.20582932233810425,72.81096720695496
hybrid_cnn,CIFAR10,50,Adam,ProjectionAdam,CrossEntropy,2,7300,grad,0.12570112943649292,73.35807347297668
hybrid_cnn,CIFAR10,50,Adam,ProjectionAdam,CrossEntropy,2,7350,proj,0.21554487943649292,73.8150942325592
hybrid_cnn,CIFAR10,50,Adam,ProjectionAdam,CrossEntropy,2,7400,grad,0.11508413404226303,74.3601803779602
hybrid_cnn,CIFAR10,50,Adam,ProjectionAdam,CrossEntropy,2,7450,proj,0.22405849397182465,74.81642389297485
hybrid_cnn,CIFAR10,50,Adam,ProjectionAdam,CrossEntropy,2,7500,grad,0.10897435992956161,75.36054468154907
hybrid_cnn,CIFAR10,50,Adam,ProjectionAdam,CrossEntropy,2,7550,proj,0.20743189752101898,75.81681823730469
hybrid_cnn,CIFAR10,50,Adam,ProjectionAdam,CrossEntropy,2,7600,grad,0.12229567766189575,76.36275792121887
hybrid_cnn,CIFAR10,50,Adam,ProjectionAdam,CrossEntropy,2,7650,proj,0.2137419879436493,76.82193493843079
hybrid_cnn,CIFAR10,50,Adam,ProjectionAdam,CrossEntropy,2,7700,grad,0.14202724397182465,77.36751317977905
hybrid_cnn,CIFAR10,50,Adam,ProjectionAdam,CrossEntropy,2,7750,proj,0.2291666716337204,77.82432627677917
hybrid_cnn,CIFAR10,50,Adam,ProjectionAdam,CrossEntropy,2,7800,grad,0.10096153616905212,78.37072587013245
hybrid_cnn,CIFAR10,50,Adam,ProjectionAdam,CrossEntropy,2,7850,proj,0.1822916716337204,78.82645416259766
hybrid_cnn,CIFAR10,50,Adam,ProjectionAdam,CrossEntropy,2,7900,grad,0.10887420177459717,79.3716652393341
hybrid_cnn,CIFAR10,50,Adam,ProjectionAdam,CrossEntropy,2,7950,proj,0.21885016560554504,79.82861948013306
hybrid_cnn,CIFAR10,50,Adam,ProjectionAdam,CrossEntropy,2,8000,grad,0.09995993971824646,80.37477254867554
hybrid_cnn,CIFAR10,50,Adam,ProjectionAdam,CrossEntropy,2,8050,proj,0.21995192766189575,80.83028864860535
hybrid_cnn,CIFAR10,50,Adam,ProjectionAdam,CrossEntropy,2,8100,grad,0.10046073794364929,81.37480783462524
hybrid_cnn,CIFAR10,50,Adam,ProjectionAdam,CrossEntropy,2,8150,proj,0.23487579822540283,81.8324339389801
hybrid_cnn,CIFAR10,50,Adam,ProjectionAdam,CrossEntropy,2,8200,grad,0.1013621836900711,82.37718391418457
hybrid_cnn,CIFAR10,50,Adam,ProjectionAdam,CrossEntropy,2,8250,proj,0.21654647588729858,82.8332347869873
hybrid_cnn,CIFAR10,50,Adam,ProjectionAdam,CrossEntropy,2,8300,grad,0.10186298191547394,83.37835335731506
hybrid_cnn,CIFAR10,50,Adam,ProjectionAdam,CrossEntropy,2,8350,proj,0.21875,83.8370726108551
hybrid_cnn,CIFAR10,50,Adam,ProjectionAdam,CrossEntropy,2,8400,grad,0.09885817766189575,84.38268685340881
hybrid_cnn,CIFAR10,50,Adam,ProjectionAdam,CrossEntropy,2,8450,proj,0.2033253163099289,84.83983111381531
hybrid_cnn,CIFAR10,50,Adam,ProjectionAdam,CrossEntropy,2,8500,grad,0.11778846383094788,85.3868567943573
hybrid_cnn,CIFAR10,50,Adam,ProjectionAdam,CrossEntropy,2,8550,proj,0.1859976053237915,85.84589695930481
hybrid_cnn,CIFAR10,50,Adam,ProjectionAdam,CrossEntropy,2,8600,grad,0.11939102411270142,86.3936824798584
hybrid_cnn,CIFAR10,50,Adam,ProjectionAdam,CrossEntropy,2,8650,proj,0.19471153616905212,86.85191345214844
hybrid_cnn,CIFAR10,50,Adam,ProjectionAdam,CrossEntropy,2,8700,grad,0.1236979216337204,87.39777565002441
hybrid_cnn,CIFAR10,50,Adam,ProjectionAdam,CrossEntropy,2,8750,proj,0.23137019574642181,87.85458540916443
hybrid_cnn,CIFAR10,50,Adam,ProjectionAdam,CrossEntropy,2,8800,grad,0.10847356170415878,88.39899802207947
hybrid_cnn,CIFAR10,50,Adam,ProjectionAdam,CrossEntropy,2,8850,proj,0.1899038553237915,88.85671901702881
hybrid_cnn,CIFAR10,50,Adam,ProjectionAdam,CrossEntropy,2,8900,grad,0.12309695780277252,89.40179991722107
hybrid_cnn,CIFAR10,50,Adam,ProjectionAdam,CrossEntropy,2,8950,proj,0.2213541716337204,89.85891437530518
hybrid_cnn,CIFAR10,50,Adam,ProjectionAdam,CrossEntropy,2,9000,grad,0.10326522588729858,90.4029974937439
hybrid_cnn,CIFAR10,50,Adam,ProjectionAdam,CrossEntropy,2,9050,proj,0.22846554219722748,90.85958313941956
hybrid_cnn,CIFAR10,50,Adam,ProjectionAdam,CrossEntropy,2,9100,grad,0.09995993971824646,91.40759015083313
hybrid_cnn,CIFAR10,50,Adam,ProjectionAdam,CrossEntropy,2,9150,proj,0.1925080120563507,91.86561608314514
hybrid_cnn,CIFAR10,50,Adam,ProjectionAdam,CrossEntropy,2,9200,grad,0.11939102411270142,92.411954164505
hybrid_cnn,CIFAR10,50,Adam,ProjectionAdam,CrossEntropy,2,9250,proj,0.21654647588729858,92.86860775947571
hybrid_cnn,CIFAR10,50,Adam,ProjectionAdam,CrossEntropy,2,9300,grad,0.1208934336900711,93.41354537010193
hybrid_cnn,CIFAR10,50,Adam,ProjectionAdam,CrossEntropy,2,9350,proj,0.23187099397182465,93.87161803245544
hybrid_cnn,CIFAR10,50,Adam,ProjectionAdam,CrossEntropy,2,9400,grad,0.13191105425357819,94.41647386550903
hybrid_cnn,CIFAR10,50,Adam,ProjectionAdam,CrossEntropy,2,9450,proj,0.23768028616905212,94.87343573570251
hybrid_cnn,CIFAR10,50,Adam,ProjectionAdam,CrossEntropy,2,9500,grad,0.0963541716337204,95.41690301895142
hybrid_cnn,CIFAR10,50,Adam,ProjectionAdam,CrossEntropy,2,9550,proj,0.1912059336900711,95.87286043167114
hybrid_cnn,CIFAR10,50,Adam,ProjectionAdam,CrossEntropy,2,9600,grad,0.11989182978868484,96.41869473457336
hybrid_cnn,CIFAR10,50,Adam,ProjectionAdam,CrossEntropy,2,9650,proj,0.2096354216337204,96.87559199333191
hybrid_cnn,CIFAR10,50,Adam,ProjectionAdam,CrossEntropy,2,9700,grad,0.10556890815496445,97.42048740386963
hybrid_cnn,CIFAR10,50,Adam,ProjectionAdam,CrossEntropy,2,9750,proj,0.2276642620563507,97.87614941596985
hybrid_cnn,CIFAR10,50,Adam,ProjectionAdam,CrossEntropy,2,9800,grad,0.12750400602817535,98.41823959350586
hybrid_cnn,CIFAR10,50,Adam,ProjectionAdam,CrossEntropy,2,9850,proj,0.22325721383094788,98.87478256225586
hybrid_cnn,CIFAR10,50,Adam,ProjectionAdam,CrossEntropy,2,9900,grad,0.10687099397182465,99.4185676574707
hybrid_cnn,CIFAR10,50,Adam,ProjectionAdam,CrossEntropy,2,9950,proj,0.2215544879436493,99.87487268447876
hybrid_cnn,CIFAR10,50,Adam,ProjectionAdam,CrossEntropy,2,9999,test,0.2914663553237915,100.21318507194519
