framework,task,norm,optimizer,loss,use_muon_activations,run,step,val_acc,wall_time_s
ptorch,MNIST_1L,linf,ProjectionMuon,HardMarginLoss,False,1,0,0.11096256971359253,6.644415378570557
ptorch,MNIST_1L,linf,ProjectionMuon,HardMarginLoss,False,1,100,0.18883690237998962,8.495104789733887
ptorch,MNIST_1L,linf,ProjectionMuon,HardMarginLoss,False,1,200,0.3490976095199585,8.862420558929443
ptorch,MNIST_1L,linf,ProjectionMuon,HardMarginLoss,False,1,300,0.5894051194190979,9.226608514785767
ptorch,MNIST_1L,linf,ProjectionMuon,HardMarginLoss,False,1,400,0.7249331474304199,9.578409194946289
ptorch,MNIST_1L,linf,ProjectionMuon,HardMarginLoss,False,1,500,0.7971256971359253,9.928964853286743
ptorch,MNIST_1L,linf,ProjectionMuon,HardMarginLoss,False,1,600,0.8333890438079834,10.279462337493896
ptorch,MNIST_1L,linf,ProjectionMuon,HardMarginLoss,False,1,700,0.8601270318031311,10.62998914718628
ptorch,MNIST_1L,linf,ProjectionMuon,HardMarginLoss,False,1,800,0.8743315935134888,10.979923963546753
ptorch,MNIST_1L,linf,ProjectionMuon,HardMarginLoss,False,1,900,0.885026752948761,11.33168911933899
ptorch,MNIST_1L,linf,ProjectionMuon,HardMarginLoss,False,1,1000,0.8965575098991394,11.68317437171936
ptorch,MNIST_1L,linf,ProjectionMuon,HardMarginLoss,False,1,1100,0.8992313146591187,12.03444242477417
ptorch,MNIST_1L,linf,ProjectionMuon,HardMarginLoss,False,1,1200,0.90625,12.384740114212036
ptorch,MNIST_1L,linf,ProjectionMuon,HardMarginLoss,False,1,1300,0.9126002788543701,12.735001564025879
ptorch,MNIST_1L,linf,ProjectionMuon,HardMarginLoss,False,1,1400,0.9139372110366821,13.085511684417725
ptorch,MNIST_1L,linf,ProjectionMuon,HardMarginLoss,False,1,1500,0.9211230278015137,13.437999248504639
ptorch,MNIST_1L,linf,ProjectionMuon,HardMarginLoss,False,1,1600,0.9227941632270813,13.78934383392334
ptorch,MNIST_1L,linf,ProjectionMuon,HardMarginLoss,False,1,1700,0.9289773106575012,14.16511058807373
ptorch,MNIST_1L,linf,ProjectionMuon,HardMarginLoss,False,1,1800,0.9313168525695801,14.537721872329712
ptorch,MNIST_1L,linf,ProjectionMuon,HardMarginLoss,False,1,1900,0.9314839839935303,14.908185720443726
ptorch,MNIST_1L,linf,ProjectionMuon,HardMarginLoss,False,1,2000,0.9336564540863037,15.278621435165405
ptorch,MNIST_1L,linf,ProjectionMuon,HardMarginLoss,False,1,2100,0.9344919919967651,15.64864993095398
ptorch,MNIST_1L,linf,ProjectionMuon,HardMarginLoss,False,1,2200,0.9331551194190979,16.01713466644287
ptorch,MNIST_1L,linf,ProjectionMuon,HardMarginLoss,False,1,2300,0.9314839839935303,16.37240219116211
ptorch,MNIST_1L,linf,ProjectionMuon,HardMarginLoss,False,1,2400,0.9329879879951477,16.725492477416992
ptorch,MNIST_1L,linf,ProjectionMuon,HardMarginLoss,False,1,2500,0.9373329281806946,17.080220937728882
ptorch,MNIST_1L,linf,ProjectionMuon,HardMarginLoss,False,1,2600,0.9405080676078796,17.434049606323242
ptorch,MNIST_1L,linf,ProjectionMuon,HardMarginLoss,False,1,2700,0.9366644620895386,17.786121129989624
ptorch,MNIST_1L,linf,ProjectionMuon,HardMarginLoss,False,1,2800,0.9390040040016174,18.137930870056152
ptorch,MNIST_1L,linf,ProjectionMuon,HardMarginLoss,False,1,2900,0.9375,18.490010261535645
ptorch,MNIST_1L,linf,ProjectionMuon,HardMarginLoss,False,1,3000,0.9408422708511353,18.841716289520264
ptorch,MNIST_1L,linf,ProjectionMuon,HardMarginLoss,False,1,3100,0.9425134062767029,19.193978786468506
ptorch,MNIST_1L,linf,ProjectionMuon,HardMarginLoss,False,1,3200,0.9413436055183411,19.54664921760559
ptorch,MNIST_1L,linf,ProjectionMuon,HardMarginLoss,False,1,3300,0.9423462748527527,19.898740768432617
ptorch,MNIST_1L,linf,ProjectionMuon,HardMarginLoss,False,1,3400,0.9406751394271851,20.27074670791626
ptorch,MNIST_1L,linf,ProjectionMuon,HardMarginLoss,False,1,3500,0.9455214142799377,20.621854543685913
ptorch,MNIST_1L,linf,ProjectionMuon,HardMarginLoss,False,1,3600,0.9458556175231934,20.97308588027954
ptorch,MNIST_1L,linf,ProjectionMuon,HardMarginLoss,False,1,3700,0.9441844820976257,21.325592756271362
ptorch,MNIST_1L,linf,ProjectionMuon,HardMarginLoss,False,1,3800,0.9451872110366821,21.676968097686768
ptorch,MNIST_1L,linf,ProjectionMuon,HardMarginLoss,False,1,3900,0.9488636255264282,22.02901530265808
ptorch,MNIST_1L,linf,ProjectionMuon,HardMarginLoss,False,1,4000,0.9473596215248108,22.38095188140869
ptorch,MNIST_1L,linf,ProjectionMuon,HardMarginLoss,False,1,4100,0.9466912150382996,22.73232102394104
ptorch,MNIST_1L,linf,ProjectionMuon,HardMarginLoss,False,1,4200,0.9471925497055054,23.08427882194519
ptorch,MNIST_1L,linf,ProjectionMuon,HardMarginLoss,False,1,4300,0.9480280876159668,23.439176321029663
ptorch,MNIST_1L,linf,ProjectionMuon,HardMarginLoss,False,1,4400,0.9471925497055054,23.792093992233276
ptorch,MNIST_1L,linf,ProjectionMuon,HardMarginLoss,False,1,4500,0.950701892375946,24.14658761024475
ptorch,MNIST_1L,linf,ProjectionMuon,HardMarginLoss,False,1,4600,0.9503676891326904,24.500245332717896
ptorch,MNIST_1L,linf,ProjectionMuon,HardMarginLoss,False,1,4700,0.950701892375946,24.853084325790405
ptorch,MNIST_1L,linf,ProjectionMuon,HardMarginLoss,False,1,4800,0.951370358467102,25.20489525794983
ptorch,MNIST_1L,linf,ProjectionMuon,HardMarginLoss,False,1,4900,0.9486965537071228,25.557546854019165
ptorch,MNIST_1L,linf,ProjectionMuon,HardMarginLoss,False,1,5000,0.9510360956192017,25.909777879714966
ptorch,MNIST_1L,linf,ProjectionMuon,HardMarginLoss,False,1,5100,0.9505347609519958,26.274616241455078
ptorch,MNIST_1L,linf,ProjectionMuon,HardMarginLoss,False,1,5200,0.9512032270431519,26.62512230873108
ptorch,MNIST_1L,linf,ProjectionMuon,HardMarginLoss,False,1,5300,0.9522058963775635,26.975948810577393
ptorch,MNIST_1L,linf,ProjectionMuon,HardMarginLoss,False,1,5400,0.9548797011375427,27.325923204421997
ptorch,MNIST_1L,linf,ProjectionMuon,HardMarginLoss,False,1,5500,0.9547125697135925,27.675015687942505
ptorch,MNIST_1L,linf,ProjectionMuon,HardMarginLoss,False,1,5600,0.9523730278015137,28.025165557861328
ptorch,MNIST_1L,linf,ProjectionMuon,HardMarginLoss,False,1,5700,0.9517045617103577,28.37467360496521
ptorch,MNIST_1L,linf,ProjectionMuon,HardMarginLoss,False,1,5800,0.9533756971359253,28.72406578063965
ptorch,MNIST_1L,linf,ProjectionMuon,HardMarginLoss,False,1,5900,0.9522058963775635,29.07365107536316
ptorch,MNIST_1L,linf,ProjectionMuon,HardMarginLoss,False,1,6000,0.9496992230415344,29.423755645751953
ptorch,MNIST_1L,linf,ProjectionMuon,HardMarginLoss,False,1,6100,0.9537099003791809,29.772913932800293
ptorch,MNIST_1L,linf,ProjectionMuon,HardMarginLoss,False,1,6200,0.9530414342880249,30.12220859527588
ptorch,MNIST_1L,linf,ProjectionMuon,HardMarginLoss,False,1,6300,0.9567179083824158,30.471314430236816
ptorch,MNIST_1L,linf,ProjectionMuon,HardMarginLoss,False,1,6400,0.9523730278015137,30.821269512176514
ptorch,MNIST_1L,linf,ProjectionMuon,HardMarginLoss,False,1,6500,0.9525400996208191,31.172445058822632
ptorch,MNIST_1L,linf,ProjectionMuon,HardMarginLoss,False,1,6600,0.9528743624687195,31.52232050895691
ptorch,MNIST_1L,linf,ProjectionMuon,HardMarginLoss,False,1,6700,0.9522058963775635,31.871692419052124
ptorch,MNIST_1L,linf,ProjectionMuon,HardMarginLoss,False,1,6800,0.9535428285598755,32.22619962692261
ptorch,MNIST_1L,linf,ProjectionMuon,HardMarginLoss,False,1,6900,0.9557152390480042,32.57676720619202
ptorch,MNIST_1L,linf,ProjectionMuon,HardMarginLoss,False,1,7000,0.9543783664703369,32.92742085456848
ptorch,MNIST_1L,linf,ProjectionMuon,HardMarginLoss,False,1,7100,0.9563837051391602,33.278664350509644
ptorch,MNIST_1L,linf,ProjectionMuon,HardMarginLoss,False,1,7200,0.9520387649536133,33.62987732887268
ptorch,MNIST_1L,linf,ProjectionMuon,HardMarginLoss,False,1,7300,0.9518716931343079,33.9812228679657
ptorch,MNIST_1L,linf,ProjectionMuon,HardMarginLoss,False,1,7300,0.9582667350769043,33.98142147064209
ptorch,MNIST_1L,linf,ProjectionMuon,HardMarginLoss,False,2,0,0.06550802290439606,0.12189340591430664
ptorch,MNIST_1L,linf,ProjectionMuon,HardMarginLoss,False,2,100,0.15457887947559357,0.473099946975708
ptorch,MNIST_1L,linf,ProjectionMuon,HardMarginLoss,False,2,200,0.40474599599838257,0.823981761932373
ptorch,MNIST_1L,linf,ProjectionMuon,HardMarginLoss,False,2,300,0.6281751394271851,1.1761136054992676
ptorch,MNIST_1L,linf,ProjectionMuon,HardMarginLoss,False,2,400,0.7411430478096008,1.5268676280975342
ptorch,MNIST_1L,linf,ProjectionMuon,HardMarginLoss,False,2,500,0.8036430478096008,1.8781001567840576
ptorch,MNIST_1L,linf,ProjectionMuon,HardMarginLoss,False,2,600,0.8390708565711975,2.229201555252075
ptorch,MNIST_1L,linf,ProjectionMuon,HardMarginLoss,False,2,700,0.8587900996208191,2.5802111625671387
ptorch,MNIST_1L,linf,ProjectionMuon,HardMarginLoss,False,2,800,0.8691511154174805,2.930021047592163
ptorch,MNIST_1L,linf,ProjectionMuon,HardMarginLoss,False,2,900,0.8801804780960083,3.2801976203918457
ptorch,MNIST_1L,linf,ProjectionMuon,HardMarginLoss,False,2,1000,0.8912099003791809,3.629960298538208
ptorch,MNIST_1L,linf,ProjectionMuon,HardMarginLoss,False,2,1100,0.8932152390480042,3.979625701904297
ptorch,MNIST_1L,linf,ProjectionMuon,HardMarginLoss,False,2,1200,0.8985628485679626,4.3297247886657715
ptorch,MNIST_1L,linf,ProjectionMuon,HardMarginLoss,False,2,1300,0.9059157967567444,4.679021120071411
ptorch,MNIST_1L,linf,ProjectionMuon,HardMarginLoss,False,2,1400,0.9105949401855469,5.030032157897949
ptorch,MNIST_1L,linf,ProjectionMuon,HardMarginLoss,False,2,1500,0.9147727489471436,5.380413293838501
ptorch,MNIST_1L,linf,ProjectionMuon,HardMarginLoss,False,2,1600,0.9172794222831726,5.731088876724243
ptorch,MNIST_1L,linf,ProjectionMuon,HardMarginLoss,False,2,1700,0.9217914342880249,6.084472417831421
ptorch,MNIST_1L,linf,ProjectionMuon,HardMarginLoss,False,2,1800,0.9234625697135925,6.435848951339722
ptorch,MNIST_1L,linf,ProjectionMuon,HardMarginLoss,False,2,1900,0.9247995018959045,6.788009881973267
ptorch,MNIST_1L,linf,ProjectionMuon,HardMarginLoss,False,2,2000,0.9251337051391602,7.139032363891602
ptorch,MNIST_1L,linf,ProjectionMuon,HardMarginLoss,False,2,2100,0.9274733066558838,7.4898669719696045
ptorch,MNIST_1L,linf,ProjectionMuon,HardMarginLoss,False,2,2200,0.9261363744735718,7.840843439102173
ptorch,MNIST_1L,linf,ProjectionMuon,HardMarginLoss,False,2,2300,0.928141713142395,8.191930532455444
ptorch,MNIST_1L,linf,ProjectionMuon,HardMarginLoss,False,2,2400,0.9308155179023743,8.542723417282104
ptorch,MNIST_1L,linf,ProjectionMuon,HardMarginLoss,False,2,2500,0.9331551194190979,8.893892049789429
ptorch,MNIST_1L,linf,ProjectionMuon,HardMarginLoss,False,2,2600,0.936330258846283,9.244472742080688
ptorch,MNIST_1L,linf,ProjectionMuon,HardMarginLoss,False,2,2700,0.935661792755127,9.595069646835327
ptorch,MNIST_1L,linf,ProjectionMuon,HardMarginLoss,False,2,2800,0.9364973306655884,9.945757865905762
ptorch,MNIST_1L,linf,ProjectionMuon,HardMarginLoss,False,2,2900,0.940006673336029,10.2964768409729
ptorch,MNIST_1L,linf,ProjectionMuon,HardMarginLoss,False,2,3000,0.9386698007583618,10.647390127182007
ptorch,MNIST_1L,linf,ProjectionMuon,HardMarginLoss,False,2,3100,0.9408422708511353,10.998350381851196
ptorch,MNIST_1L,linf,ProjectionMuon,HardMarginLoss,False,2,3200,0.9390040040016174,11.349371910095215
ptorch,MNIST_1L,linf,ProjectionMuon,HardMarginLoss,False,2,3300,0.9408422708511353,11.70112657546997
ptorch,MNIST_1L,linf,ProjectionMuon,HardMarginLoss,False,2,3400,0.9433489441871643,12.054828882217407
ptorch,MNIST_1L,linf,ProjectionMuon,HardMarginLoss,False,2,3500,0.9455214142799377,12.40518569946289
ptorch,MNIST_1L,linf,ProjectionMuon,HardMarginLoss,False,2,3600,0.9465240836143494,12.755109310150146
ptorch,MNIST_1L,linf,ProjectionMuon,HardMarginLoss,False,2,3700,0.9436831474304199,13.104264736175537
ptorch,MNIST_1L,linf,ProjectionMuon,HardMarginLoss,False,2,3800,0.9458556175231934,13.454268455505371
ptorch,MNIST_1L,linf,ProjectionMuon,HardMarginLoss,False,2,3900,0.9445187449455261,13.803809642791748
ptorch,MNIST_1L,linf,ProjectionMuon,HardMarginLoss,False,2,4000,0.9466912150382996,14.153977394104004
ptorch,MNIST_1L,linf,ProjectionMuon,HardMarginLoss,False,2,4100,0.9460227489471436,14.50525188446045
ptorch,MNIST_1L,linf,ProjectionMuon,HardMarginLoss,False,2,4200,0.9480280876159668,14.855921506881714
ptorch,MNIST_1L,linf,ProjectionMuon,HardMarginLoss,False,2,4300,0.947526752948761,15.206096649169922
ptorch,MNIST_1L,linf,ProjectionMuon,HardMarginLoss,False,2,4400,0.9461898803710938,15.556483745574951
ptorch,MNIST_1L,linf,ProjectionMuon,HardMarginLoss,False,2,4500,0.9491978883743286,15.907317876815796
ptorch,MNIST_1L,linf,ProjectionMuon,HardMarginLoss,False,2,4600,0.9485294222831726,16.25801706314087
ptorch,MNIST_1L,linf,ProjectionMuon,HardMarginLoss,False,2,4700,0.9502005577087402,16.608985424041748
ptorch,MNIST_1L,linf,ProjectionMuon,HardMarginLoss,False,2,4800,0.9515374302864075,16.957765102386475
ptorch,MNIST_1L,linf,ProjectionMuon,HardMarginLoss,False,2,4900,0.9502005577087402,17.307077407836914
ptorch,MNIST_1L,linf,ProjectionMuon,HardMarginLoss,False,2,5000,0.9522058963775635,17.655822277069092
ptorch,MNIST_1L,linf,ProjectionMuon,HardMarginLoss,False,2,5100,0.9488636255264282,18.00882124900818
ptorch,MNIST_1L,linf,ProjectionMuon,HardMarginLoss,False,2,5200,0.9490307569503784,18.359878063201904
ptorch,MNIST_1L,linf,ProjectionMuon,HardMarginLoss,False,2,5300,0.9508690237998962,18.710479736328125
ptorch,MNIST_1L,linf,ProjectionMuon,HardMarginLoss,False,2,5400,0.9535428285598755,19.06063175201416
ptorch,MNIST_1L,linf,ProjectionMuon,HardMarginLoss,False,2,5500,0.9527072310447693,19.41212487220764
ptorch,MNIST_1L,linf,ProjectionMuon,HardMarginLoss,False,2,5600,0.9527072310447693,19.7630455493927
ptorch,MNIST_1L,linf,ProjectionMuon,HardMarginLoss,False,2,5700,0.9553810358047485,20.113447904586792
ptorch,MNIST_1L,linf,ProjectionMuon,HardMarginLoss,False,2,5800,0.9530414342880249,20.464597940444946
ptorch,MNIST_1L,linf,ProjectionMuon,HardMarginLoss,False,2,5900,0.9530414342880249,20.815407276153564
ptorch,MNIST_1L,linf,ProjectionMuon,HardMarginLoss,False,2,6000,0.9525400996208191,21.166243314743042
ptorch,MNIST_1L,linf,ProjectionMuon,HardMarginLoss,False,2,6100,0.9528743624687195,21.51746153831482
ptorch,MNIST_1L,linf,ProjectionMuon,HardMarginLoss,False,2,6200,0.9502005577087402,21.86851143836975
ptorch,MNIST_1L,linf,ProjectionMuon,HardMarginLoss,False,2,6300,0.95621657371521,22.21950054168701
ptorch,MNIST_1L,linf,ProjectionMuon,HardMarginLoss,False,2,6400,0.9542112350463867,22.570416688919067
ptorch,MNIST_1L,linf,ProjectionMuon,HardMarginLoss,False,2,6500,0.9558823704719543,22.92113733291626
ptorch,MNIST_1L,linf,ProjectionMuon,HardMarginLoss,False,2,6600,0.9548797011375427,23.271151304244995
ptorch,MNIST_1L,linf,ProjectionMuon,HardMarginLoss,False,2,6700,0.9570521712303162,23.622142791748047
ptorch,MNIST_1L,linf,ProjectionMuon,HardMarginLoss,False,2,6800,0.9560495018959045,23.97555112838745
ptorch,MNIST_1L,linf,ProjectionMuon,HardMarginLoss,False,2,6900,0.9552139043807983,24.325597763061523
ptorch,MNIST_1L,linf,ProjectionMuon,HardMarginLoss,False,2,7000,0.9567179083824158,24.676389694213867
ptorch,MNIST_1L,linf,ProjectionMuon,HardMarginLoss,False,2,7100,0.9567179083824158,25.02650761604309
ptorch,MNIST_1L,linf,ProjectionMuon,HardMarginLoss,False,2,7200,0.9557152390480042,25.37664484977722
ptorch,MNIST_1L,linf,ProjectionMuon,HardMarginLoss,False,2,7300,0.9532085657119751,25.727648735046387
ptorch,MNIST_1L,linf,ProjectionMuon,HardMarginLoss,False,2,7400,0.9538770318031311,26.077595710754395
ptorch,MNIST_1L,linf,ProjectionMuon,HardMarginLoss,False,2,7500,0.9545454978942871,26.427672147750854
ptorch,MNIST_1L,linf,ProjectionMuon,HardMarginLoss,False,2,7600,0.9577205777168274,26.777957677841187
ptorch,MNIST_1L,linf,ProjectionMuon,HardMarginLoss,False,2,7700,0.957553505897522,27.129843711853027
ptorch,MNIST_1L,linf,ProjectionMuon,HardMarginLoss,False,2,7800,0.9555481672286987,27.480610847473145
ptorch,MNIST_1L,linf,ProjectionMuon,HardMarginLoss,False,2,7900,0.9543783664703369,27.83317470550537
ptorch,MNIST_1L,linf,ProjectionMuon,HardMarginLoss,False,2,8000,0.9565508365631104,28.183428049087524
ptorch,MNIST_1L,linf,ProjectionMuon,HardMarginLoss,False,2,8100,0.956885039806366,28.534291744232178
ptorch,MNIST_1L,linf,ProjectionMuon,HardMarginLoss,False,2,8200,0.9550468325614929,28.88552212715149
ptorch,MNIST_1L,linf,ProjectionMuon,HardMarginLoss,False,2,8300,0.9525400996208191,29.236206531524658
ptorch,MNIST_1L,linf,ProjectionMuon,HardMarginLoss,False,2,8400,0.9558823704719543,29.587838888168335
ptorch,MNIST_1L,linf,ProjectionMuon,HardMarginLoss,False,2,8500,0.9553810358047485,29.942192554473877
ptorch,MNIST_1L,linf,ProjectionMuon,HardMarginLoss,False,2,8600,0.9553810358047485,30.295345306396484
ptorch,MNIST_1L,linf,ProjectionMuon,HardMarginLoss,False,2,8600,0.9549720287322998,30.295565843582153
ptorch,MNIST_1L,linf,ProjectionMuon,HardMarginLoss,False,3,0,0.08756684511899948,0.12190079689025879
ptorch,MNIST_1L,linf,ProjectionMuon,HardMarginLoss,False,3,100,0.17814171314239502,0.47501611709594727
ptorch,MNIST_1L,linf,ProjectionMuon,HardMarginLoss,False,3,200,0.34625670313835144,0.8284909725189209
ptorch,MNIST_1L,linf,ProjectionMuon,HardMarginLoss,False,3,300,0.5300801992416382,1.1840555667877197
ptorch,MNIST_1L,linf,ProjectionMuon,HardMarginLoss,False,3,400,0.6955214142799377,1.5388989448547363
ptorch,MNIST_1L,linf,ProjectionMuon,HardMarginLoss,False,3,500,0.7740641832351685,1.8925840854644775
ptorch,MNIST_1L,linf,ProjectionMuon,HardMarginLoss,False,3,600,0.8103275299072266,2.245741605758667
ptorch,MNIST_1L,linf,ProjectionMuon,HardMarginLoss,False,3,700,0.8427473306655884,2.5988094806671143
ptorch,MNIST_1L,linf,ProjectionMuon,HardMarginLoss,False,3,800,0.8604612350463867,2.952148199081421
ptorch,MNIST_1L,linf,ProjectionMuon,HardMarginLoss,False,3,900,0.8739973306655884,3.304563522338867
ptorch,MNIST_1L,linf,ProjectionMuon,HardMarginLoss,False,3,1000,0.8831885457038879,3.6568801403045654
ptorch,MNIST_1L,linf,ProjectionMuon,HardMarginLoss,False,3,1100,0.8913770318031311,4.010179758071899
ptorch,MNIST_1L,linf,ProjectionMuon,HardMarginLoss,False,3,1200,0.8987299799919128,4.362879514694214
ptorch,MNIST_1L,linf,ProjectionMuon,HardMarginLoss,False,3,1300,0.9007353186607361,4.715428590774536
ptorch,MNIST_1L,linf,ProjectionMuon,HardMarginLoss,False,3,1400,0.90625,5.069422245025635
ptorch,MNIST_1L,linf,ProjectionMuon,HardMarginLoss,False,3,1500,0.9095922708511353,5.422168493270874
ptorch,MNIST_1L,linf,ProjectionMuon,HardMarginLoss,False,3,1600,0.9112634062767029,5.776185750961304
ptorch,MNIST_1L,linf,ProjectionMuon,HardMarginLoss,False,3,1700,0.9154412150382996,6.132014989852905
ptorch,MNIST_1L,linf,ProjectionMuon,HardMarginLoss,False,3,1800,0.9202874302864075,6.485623836517334
ptorch,MNIST_1L,linf,ProjectionMuon,HardMarginLoss,False,3,1900,0.9219585657119751,6.837750434875488
ptorch,MNIST_1L,linf,ProjectionMuon,HardMarginLoss,False,3,2000,0.9216243624687195,7.1900012493133545
ptorch,MNIST_1L,linf,ProjectionMuon,HardMarginLoss,False,3,2100,0.9286430478096008,7.542478084564209
ptorch,MNIST_1L,linf,ProjectionMuon,HardMarginLoss,False,3,2200,0.9271390438079834,7.894070625305176
ptorch,MNIST_1L,linf,ProjectionMuon,HardMarginLoss,False,3,2300,0.9291443824768066,8.246670961380005
ptorch,MNIST_1L,linf,ProjectionMuon,HardMarginLoss,False,3,2400,0.9309826493263245,8.598620176315308
ptorch,MNIST_1L,linf,ProjectionMuon,HardMarginLoss,False,3,2500,0.9329879879951477,8.951741695404053
ptorch,MNIST_1L,linf,ProjectionMuon,HardMarginLoss,False,3,2600,0.9391711354255676,9.306071043014526
ptorch,MNIST_1L,linf,ProjectionMuon,HardMarginLoss,False,3,2700,0.9376671314239502,9.658004760742188
ptorch,MNIST_1L,linf,ProjectionMuon,HardMarginLoss,False,3,2800,0.9393382668495178,10.01018214225769
ptorch,MNIST_1L,linf,ProjectionMuon,HardMarginLoss,False,3,2900,0.9396724700927734,10.362239599227905
ptorch,MNIST_1L,linf,ProjectionMuon,HardMarginLoss,False,3,3000,0.9425134062767029,10.713951587677002
ptorch,MNIST_1L,linf,ProjectionMuon,HardMarginLoss,False,3,3100,0.9420120716094971,11.065956592559814
ptorch,MNIST_1L,linf,ProjectionMuon,HardMarginLoss,False,3,3200,0.9431818127632141,11.41754674911499
ptorch,MNIST_1L,linf,ProjectionMuon,HardMarginLoss,False,3,3300,0.9455214142799377,11.768712520599365
ptorch,MNIST_1L,linf,ProjectionMuon,HardMarginLoss,False,3,3400,0.9443516135215759,12.124014854431152
ptorch,MNIST_1L,linf,ProjectionMuon,HardMarginLoss,False,3,3500,0.9445187449455261,12.478553056716919
ptorch,MNIST_1L,linf,ProjectionMuon,HardMarginLoss,False,3,3600,0.9458556175231934,12.832554340362549
ptorch,MNIST_1L,linf,ProjectionMuon,HardMarginLoss,False,3,3700,0.9470254182815552,13.187484741210938
ptorch,MNIST_1L,linf,ProjectionMuon,HardMarginLoss,False,3,3800,0.9480280876159668,13.540353536605835
ptorch,MNIST_1L,linf,ProjectionMuon,HardMarginLoss,False,3,3900,0.950701892375946,13.892972707748413
ptorch,MNIST_1L,linf,ProjectionMuon,HardMarginLoss,False,3,4000,0.9478609561920166,14.245446920394897
ptorch,MNIST_1L,linf,ProjectionMuon,HardMarginLoss,False,3,4100,0.9471925497055054,14.599249124526978
ptorch,MNIST_1L,linf,ProjectionMuon,HardMarginLoss,False,3,4200,0.9460227489471436,14.952514886856079
ptorch,MNIST_1L,linf,ProjectionMuon,HardMarginLoss,False,3,4300,0.9508690237998962,15.306416034698486
ptorch,MNIST_1L,linf,ProjectionMuon,HardMarginLoss,False,3,4400,0.9515374302864075,15.659145832061768
ptorch,MNIST_1L,linf,ProjectionMuon,HardMarginLoss,False,3,4500,0.9508690237998962,16.01272439956665
ptorch,MNIST_1L,linf,ProjectionMuon,HardMarginLoss,False,3,4600,0.9512032270431519,16.365903615951538
ptorch,MNIST_1L,linf,ProjectionMuon,HardMarginLoss,False,3,4700,0.9532085657119751,16.718617916107178
ptorch,MNIST_1L,linf,ProjectionMuon,HardMarginLoss,False,3,4800,0.9533756971359253,17.07189917564392
ptorch,MNIST_1L,linf,ProjectionMuon,HardMarginLoss,False,3,4900,0.9548797011375427,17.425479650497437
ptorch,MNIST_1L,linf,ProjectionMuon,HardMarginLoss,False,3,5000,0.9503676891326904,17.7785222530365
ptorch,MNIST_1L,linf,ProjectionMuon,HardMarginLoss,False,3,5100,0.95003342628479,18.134459972381592
ptorch,MNIST_1L,linf,ProjectionMuon,HardMarginLoss,False,3,5200,0.9517045617103577,18.487441539764404
ptorch,MNIST_1L,linf,ProjectionMuon,HardMarginLoss,False,3,5300,0.9485294222831726,18.839468240737915
ptorch,MNIST_1L,linf,ProjectionMuon,HardMarginLoss,False,3,5400,0.9520387649536133,19.19659113883972
ptorch,MNIST_1L,linf,ProjectionMuon,HardMarginLoss,False,3,5500,0.9553810358047485,19.552112340927124
ptorch,MNIST_1L,linf,ProjectionMuon,HardMarginLoss,False,3,5600,0.9525400996208191,19.9065260887146
ptorch,MNIST_1L,linf,ProjectionMuon,HardMarginLoss,False,3,5700,0.9547125697135925,20.261047840118408
ptorch,MNIST_1L,linf,ProjectionMuon,HardMarginLoss,False,3,5800,0.9548797011375427,20.615046501159668
ptorch,MNIST_1L,linf,ProjectionMuon,HardMarginLoss,False,3,5900,0.9550468325614929,20.969606399536133
ptorch,MNIST_1L,linf,ProjectionMuon,HardMarginLoss,False,3,6000,0.9535428285598755,21.324838638305664
ptorch,MNIST_1L,linf,ProjectionMuon,HardMarginLoss,False,3,6100,0.9540441632270813,21.679075479507446
ptorch,MNIST_1L,linf,ProjectionMuon,HardMarginLoss,False,3,6200,0.9523730278015137,22.033597946166992
ptorch,MNIST_1L,linf,ProjectionMuon,HardMarginLoss,False,3,6300,0.9557152390480042,22.387980461120605
ptorch,MNIST_1L,linf,ProjectionMuon,HardMarginLoss,False,3,6400,0.9537099003791809,22.743074893951416
ptorch,MNIST_1L,linf,ProjectionMuon,HardMarginLoss,False,3,6500,0.9572192430496216,23.09800386428833
ptorch,MNIST_1L,linf,ProjectionMuon,HardMarginLoss,False,3,6600,0.9550468325614929,23.452301740646362
ptorch,MNIST_1L,linf,ProjectionMuon,HardMarginLoss,False,3,6700,0.9542112350463867,23.803849697113037
ptorch,MNIST_1L,linf,ProjectionMuon,HardMarginLoss,False,3,6800,0.9553810358047485,24.16137719154358
ptorch,MNIST_1L,linf,ProjectionMuon,HardMarginLoss,False,3,6900,0.9537099003791809,24.517937183380127
ptorch,MNIST_1L,linf,ProjectionMuon,HardMarginLoss,False,3,7000,0.9533756971359253,24.872740507125854
ptorch,MNIST_1L,linf,ProjectionMuon,HardMarginLoss,False,3,7100,0.9527072310447693,25.22965431213379
ptorch,MNIST_1L,linf,ProjectionMuon,HardMarginLoss,False,3,7200,0.9557152390480042,25.584837436676025
ptorch,MNIST_1L,linf,ProjectionMuon,HardMarginLoss,False,3,7300,0.950701892375946,25.940611362457275
ptorch,MNIST_1L,linf,ProjectionMuon,HardMarginLoss,False,3,7400,0.9525400996208191,26.296138048171997
ptorch,MNIST_1L,linf,ProjectionMuon,HardMarginLoss,False,3,7500,0.9518716931343079,26.652164459228516
ptorch,MNIST_1L,linf,ProjectionMuon,HardMarginLoss,False,3,7500,0.9554712176322937,26.65236735343933
