framework,task,activation,differentiable,norm,optimizer,loss,run,step,val_acc,wall_time_s,split
ptorch,MNIST,ReLU,True,l2,ProjectionMuon,CrossEntropy,1,0,0.13565340638160706,0.07055997848510742,
ptorch,MNIST,ReLU,True,l2,ProjectionMuon,CrossEntropy,1,100,0.28799715638160706,0.9879813194274902,
ptorch,MNIST,ReLU,True,l2,ProjectionMuon,CrossEntropy,1,200,0.5015980005264282,1.8953330516815186,
ptorch,MNIST,ReLU,True,l2,ProjectionMuon,CrossEntropy,1,300,0.6658380627632141,2.8055214881896973,
ptorch,MNIST,ReLU,True,l2,ProjectionMuon,CrossEntropy,1,400,0.7388139367103577,3.935270309448242,
ptorch,MNIST,ReLU,True,l2,ProjectionMuon,CrossEntropy,1,500,0.7840909361839294,5.040098190307617,
ptorch,MNIST,ReLU,True,l2,ProjectionMuon,CrossEntropy,1,600,0.8098366856575012,6.015093803405762,
ptorch,MNIST,ReLU,True,l2,ProjectionMuon,CrossEntropy,1,700,0.827769935131073,7.097005844116211,
ptorch,MNIST,ReLU,True,l2,ProjectionMuon,CrossEntropy,1,800,0.8416193723678589,8.27596640586853,
ptorch,MNIST,ReLU,True,l2,ProjectionMuon,CrossEntropy,1,900,0.853515625,9.300116300582886,
ptorch,MNIST,ReLU,True,l2,ProjectionMuon,CrossEntropy,1,1000,0.8647017478942871,10.502938032150269,
ptorch,MNIST,ReLU,True,l2,ProjectionMuon,CrossEntropy,1,1100,0.8737571239471436,11.55112338066101,
ptorch,MNIST,ReLU,True,l2,ProjectionMuon,CrossEntropy,1,1200,0.880859375,12.740345001220703,
ptorch,MNIST,ReLU,True,l2,ProjectionMuon,CrossEntropy,1,1300,0.8838778734207153,13.900960445404053,
ptorch,MNIST,ReLU,True,l2,ProjectionMuon,CrossEntropy,1,1400,0.8900923728942871,14.871431827545166,
ptorch,MNIST,ReLU,True,l2,ProjectionMuon,CrossEntropy,1,1500,0.8947088122367859,16.117131233215332,
ptorch,MNIST,ReLU,True,l2,ProjectionMuon,CrossEntropy,1,1600,0.896484375,17.341917753219604,
ptorch,MNIST,ReLU,True,l2,ProjectionMuon,CrossEntropy,1,1700,0.900390625,18.64324402809143,
ptorch,MNIST,ReLU,True,l2,ProjectionMuon,CrossEntropy,1,1800,0.9046519994735718,19.6732759475708,
ptorch,MNIST,ReLU,True,l2,ProjectionMuon,CrossEntropy,1,1900,0.908203125,20.954504251480103,
ptorch,MNIST,ReLU,True,l2,ProjectionMuon,CrossEntropy,1,2000,0.9089786410331726,22.111947059631348,test
ptorch,MNIST,ReLU,True,l2,ProjectionMuon,CrossEntropy,2,0,0.10102983564138412,0.1264791488647461,
ptorch,MNIST,ReLU,True,l2,ProjectionMuon,CrossEntropy,2,100,0.2560369372367859,1.2637956142425537,
ptorch,MNIST,ReLU,True,l2,ProjectionMuon,CrossEntropy,2,200,0.46360087394714355,2.308082103729248,
ptorch,MNIST,ReLU,True,l2,ProjectionMuon,CrossEntropy,2,300,0.6454190611839294,3.826693058013916,
ptorch,MNIST,ReLU,True,l2,ProjectionMuon,CrossEntropy,2,400,0.7254971861839294,5.263779640197754,
ptorch,MNIST,ReLU,True,l2,ProjectionMuon,CrossEntropy,2,500,0.7700639367103577,6.182459354400635,
ptorch,MNIST,ReLU,True,l2,ProjectionMuon,CrossEntropy,2,600,0.7998934984207153,7.127134323120117,
ptorch,MNIST,ReLU,True,l2,ProjectionMuon,CrossEntropy,2,700,0.8156960606575012,8.058684825897217,
ptorch,MNIST,ReLU,True,l2,ProjectionMuon,CrossEntropy,2,800,0.8323863744735718,9.154809713363647,
ptorch,MNIST,ReLU,True,l2,ProjectionMuon,CrossEntropy,2,900,0.8435724973678589,10.0816330909729,
ptorch,MNIST,ReLU,True,l2,ProjectionMuon,CrossEntropy,2,1000,0.8533381223678589,11.011280059814453,
ptorch,MNIST,ReLU,True,l2,ProjectionMuon,CrossEntropy,2,1100,0.860973060131073,11.944496154785156,
ptorch,MNIST,ReLU,True,l2,ProjectionMuon,CrossEntropy,2,1200,0.865234375,13.062941074371338,
ptorch,MNIST,ReLU,True,l2,ProjectionMuon,CrossEntropy,2,1300,0.8742898106575012,13.993777990341187,
ptorch,MNIST,ReLU,True,l2,ProjectionMuon,CrossEntropy,2,1400,0.8773082494735718,14.933005571365356,
ptorch,MNIST,ReLU,True,l2,ProjectionMuon,CrossEntropy,2,1500,0.8856534361839294,15.863694667816162,
ptorch,MNIST,ReLU,True,l2,ProjectionMuon,CrossEntropy,2,1600,0.8861861228942871,16.97759985923767,
ptorch,MNIST,ReLU,True,l2,ProjectionMuon,CrossEntropy,2,1700,0.8924006223678589,17.90600848197937,
ptorch,MNIST,ReLU,True,l2,ProjectionMuon,CrossEntropy,2,1800,0.8952414989471436,18.839407205581665,
ptorch,MNIST,ReLU,True,l2,ProjectionMuon,CrossEntropy,2,1900,0.8987926244735718,19.774433135986328,
ptorch,MNIST,ReLU,True,l2,ProjectionMuon,CrossEntropy,2,2000,0.9037339091300964,20.81237554550171,test
ptorch,MNIST,ReLU,True,l2,ProjectionMuon,CrossEntropy,3,0,0.10511364042758942,0.0721428394317627,
ptorch,MNIST,ReLU,True,l2,ProjectionMuon,CrossEntropy,3,100,0.22798296809196472,1.025179147720337,
ptorch,MNIST,ReLU,True,l2,ProjectionMuon,CrossEntropy,3,200,0.47194603085517883,1.9681611061096191,
ptorch,MNIST,ReLU,True,l2,ProjectionMuon,CrossEntropy,3,300,0.6439986228942871,2.921245574951172,
ptorch,MNIST,ReLU,True,l2,ProjectionMuon,CrossEntropy,3,400,0.7230113744735718,4.025060653686523,
ptorch,MNIST,ReLU,True,l2,ProjectionMuon,CrossEntropy,3,500,0.769176185131073,4.947251796722412,
ptorch,MNIST,ReLU,True,l2,ProjectionMuon,CrossEntropy,3,600,0.7936789989471436,5.877239227294922,
ptorch,MNIST,ReLU,True,l2,ProjectionMuon,CrossEntropy,3,700,0.8149858117103577,6.80564022064209,
ptorch,MNIST,ReLU,True,l2,ProjectionMuon,CrossEntropy,3,800,0.8302556872367859,7.893825054168701,
ptorch,MNIST,ReLU,True,l2,ProjectionMuon,CrossEntropy,3,900,0.8471236228942871,8.816601276397705,
ptorch,MNIST,ReLU,True,l2,ProjectionMuon,CrossEntropy,3,1000,0.8604403734207153,9.730256795883179,
ptorch,MNIST,ReLU,True,l2,ProjectionMuon,CrossEntropy,3,1100,0.8671875,10.661475419998169,
ptorch,MNIST,ReLU,True,l2,ProjectionMuon,CrossEntropy,3,1200,0.8748224973678589,11.757160425186157,
ptorch,MNIST,ReLU,True,l2,ProjectionMuon,CrossEntropy,3,1300,0.8796164989471436,12.68917202949524,
ptorch,MNIST,ReLU,True,l2,ProjectionMuon,CrossEntropy,3,1400,0.8845881223678589,13.609519243240356,
ptorch,MNIST,ReLU,True,l2,ProjectionMuon,CrossEntropy,3,1500,0.8904474973678589,14.530734062194824,
ptorch,MNIST,ReLU,True,l2,ProjectionMuon,CrossEntropy,3,1600,0.8952414989471436,15.63152813911438,
ptorch,MNIST,ReLU,True,l2,ProjectionMuon,CrossEntropy,3,1700,0.8998579978942871,16.56471276283264,
ptorch,MNIST,ReLU,True,l2,ProjectionMuon,CrossEntropy,3,1800,0.9034091234207153,17.48909616470337,
ptorch,MNIST,ReLU,True,l2,ProjectionMuon,CrossEntropy,3,1900,0.9046519994735718,18.417418241500854,
ptorch,MNIST,ReLU,True,l2,ProjectionMuon,CrossEntropy,3,2000,0.9040613174438477,19.43775224685669,test
ptorch,MNIST,ReLU,True,l2,ProjectionMuon,CrossEntropy,1,0,0.13565340638160706,16.641215085983276,
ptorch,MNIST,ReLU,True,l2,ProjectionMuon,CrossEntropy,1,10,0.13382352888584137,17.57779622077942,test
